-- MySQL dump 10.13  Distrib 8.0.40, for Linux (x86_64)
--
-- Host: localhost    Database: hospital_data
-- ------------------------------------------------------
-- Server version	8.0.40-0ubuntu0.22.04.1

/*!40101 SET @OLD_CHARACTER_SET_CLIENT=@@CHARACTER_SET_CLIENT */;
/*!40101 SET @OLD_CHARACTER_SET_RESULTS=@@CHARACTER_SET_RESULTS */;
/*!40101 SET @OLD_COLLATION_CONNECTION=@@COLLATION_CONNECTION */;
/*!50503 SET NAMES utf8mb4 */;
/*!40103 SET @OLD_TIME_ZONE=@@TIME_ZONE */;
/*!40103 SET TIME_ZONE='+00:00' */;
/*!40014 SET @OLD_UNIQUE_CHECKS=@@UNIQUE_CHECKS, UNIQUE_CHECKS=0 */;
/*!40014 SET @OLD_FOREIGN_KEY_CHECKS=@@FOREIGN_KEY_CHECKS, FOREIGN_KEY_CHECKS=0 */;
/*!40101 SET @OLD_SQL_MODE=@@SQL_MODE, SQL_MODE='NO_AUTO_VALUE_ON_ZERO' */;
/*!40111 SET @OLD_SQL_NOTES=@@SQL_NOTES, SQL_NOTES=0 */;

--
-- Table structure for table `appointments`
--

DROP TABLE IF EXISTS `appointments`;
/*!40101 SET @saved_cs_client     = @@character_set_client */;
/*!50503 SET character_set_client = utf8mb4 */;
CREATE TABLE `appointments` (
  `Appointment_ID` int unsigned NOT NULL AUTO_INCREMENT,
  `Patient_ID` int unsigned NOT NULL,
  `Patient_Name` varchar(150) NOT NULL,
  `Doctor_ID` int unsigned NOT NULL,
  `Doctor_Name` varchar(150) NOT NULL,
  `Appointment_Date` date NOT NULL,
  PRIMARY KEY (`Appointment_ID`),
  KEY `Patient_ID` (`Patient_ID`),
  KEY `Doctor_ID` (`Doctor_ID`),
  CONSTRAINT `appointments_ibfk_1` FOREIGN KEY (`Patient_ID`) REFERENCES `patients` (`Patient_ID`),
  CONSTRAINT `appointments_ibfk_2` FOREIGN KEY (`Doctor_ID`) REFERENCES `doctors` (`Doctor_ID`)
) ENGINE=InnoDB AUTO_INCREMENT=501 DEFAULT CHARSET=utf8mb4 COLLATE=utf8mb4_0900_ai_ci;
/*!40101 SET character_set_client = @saved_cs_client */;

--
-- Dumping data for table `appointments`
--

LOCK TABLES `appointments` WRITE;
/*!40000 ALTER TABLE `appointments` DISABLE KEYS */;
INSERT INTO `appointments` VALUES (1,516,'Miss Helen Shepherd',16,'Dr. Hannah Parker','2025-01-13'),(2,383,'Maria Jones',83,'Dr. Isabelle Clark','2025-01-18'),(3,11,'Dr Karl Carter',11,'Dr. Lucas Green','2025-09-26'),(4,524,'Ashleigh Lambert',24,'Dr. Amelia Martinez','2025-07-20'),(5,415,'Bryan Weston-Gordon',15,'Dr. Matthew Young','2025-03-08'),(6,230,'Dr Marilyn Berry',30,'Dr. Sophia Allen','2025-02-25'),(7,109,'Julian Walker',9,'Dr. Jacob Moore','2025-07-24'),(8,308,'Raymond Cooper',8,'Dr. William Scott','2025-11-25'),(9,542,'Dr Cameron Lewis',42,'Dr. Lily Collins','2025-07-24'),(10,19,'Dr Stuart Kelly',19,'Dr. Joshua Scott','2025-02-02'),(11,373,'Ms Shirley Dawson',73,'Dr. Max Wilson','2025-05-24'),(12,459,'Mr Barry Green',59,'Dr. Amelia Grant','2025-06-11'),(13,237,'Alexandra Hughes',37,'Dr. Daniel Harris','2025-01-27'),(14,337,'Jacqueline Patel',37,'Dr. Daniel Harris','2025-08-14'),(15,555,'Kelly Gibbons',55,'Dr. Olivia Phillips','2025-08-21'),(16,446,'Joan Lloyd',46,'Dr. Jack Turner','2025-12-04'),(17,441,'Catherine Anderson',41,'Dr. Oliver Walker','2025-05-21'),(18,120,'Donald Allen',20,'Dr. Sarah Morgan','2025-09-19'),(19,490,'Valerie Young-Middleton',90,'Dr. Abigail Bell','2025-08-19'),(20,557,'Mr George Woods',57,'Dr. Lucy Wright','2025-05-08'),(21,396,'Mr Kevin Reed',96,'Dr. Samuel Walker','2025-11-14'),(22,273,'Dr Keith McKenzie',73,'Dr. Max Wilson','2025-12-21'),(23,343,'Aaron Kay-Ward',43,'Dr. Ethan Mitchell','2025-03-13'),(24,508,'Lawrence Green-Davies',8,'Dr. William Scott','2025-11-05'),(25,564,'Claire Miller',64,'Dr. Daniel Lee','2025-06-22'),(26,397,'Dr Terence Hancock',97,'Dr. Laura Clark','2025-03-09'),(27,193,'Carly Goodwin',93,'Dr. George Robinson','2025-05-06'),(28,9,'Mr Jeffrey Green',9,'Dr. Jacob Moore','2025-12-19'),(29,77,'Dr Lawrence Kaur',77,'Dr. Lily Harris','2025-03-18'),(30,580,'Gary Townsend',80,'Dr. Emma White','2025-05-05'),(31,593,'Lorraine Smith',93,'Dr. George Robinson','2025-01-16'),(32,120,'Donald Allen',20,'Dr. Sarah Morgan','2025-08-03'),(33,431,'Jonathan Dyer',31,'Dr. Noah Carter','2025-06-12'),(34,312,'Jill Jones',12,'Dr. Isla Carter','2025-02-20'),(35,225,'Oliver Parry-Owen',25,'Dr. Ethan Cooper','2025-04-15'),(36,547,'Kathleen Potter',47,'Dr. Olivia Evans','2025-04-04'),(37,414,'Dr Lisa Gibson',14,'Dr. Lily Roberts','2025-06-11'),(38,420,'Jean Wilkinson-Perkins',20,'Dr. Sarah Morgan','2025-05-23'),(39,114,'Wayne Harrison',14,'Dr. Lily Roberts','2025-04-15'),(40,57,'Matthew Davies-Fuller',57,'Dr. Lucy Wright','2025-09-13'),(41,446,'Joan Lloyd',46,'Dr. Jack Turner','2025-04-16'),(42,472,'Mr Glenn Carey',72,'Dr. Isabelle Moore','2025-04-24'),(43,487,'Martyn Martin',87,'Dr. Benjamin Scott','2025-11-14'),(44,526,'Lynne Robinson-Cox',26,'Dr. Natalie Mitchell','2025-08-15'),(45,560,'Leanne Webb',60,'Dr. Richard Cooper','2025-11-23'),(46,251,'Scott Lloyd',51,'Dr. Isla Phillips','2025-06-15'),(47,171,'Megan Barton',71,'Dr. Thomas Harris','2025-11-24'),(48,284,'Lydia Mitchell',84,'Dr. George Carter','2025-04-18'),(49,235,'Dr Angela Hartley',35,'Dr. Victoria Gray','2025-06-17'),(50,470,'Francis Owen',70,'Dr. Max Evans','2025-07-03'),(51,491,'Mr Christopher Booth',91,'Dr. Harry Wilson','2025-07-02'),(52,419,'Dr Pamela Thomas',19,'Dr. Joshua Scott','2025-05-19'),(53,556,'Jenna Brown',56,'Dr. William Adams','2025-04-16'),(54,351,'Mohamed Wallis',51,'Dr. Isla Phillips','2025-08-28'),(55,247,'Dr Rosie Reed',47,'Dr. Olivia Evans','2025-12-19'),(56,326,'William Nash-Taylor',26,'Dr. Natalie Mitchell','2025-12-20'),(57,443,'Francis Ryan-Nash',43,'Dr. Ethan Mitchell','2025-11-01'),(58,68,'Sara Kennedy-Lambert',68,'Dr. Sophia Parker','2025-08-19'),(59,82,'Mr Simon Miah',82,'Dr. Jack Thompson','2025-04-02'),(60,263,'Mr James Thompson',63,'Dr. Joshua White','2025-01-01'),(61,272,'Alex Kay',72,'Dr. Isabelle Moore','2025-04-05'),(62,282,'Terry Jones-Watson',82,'Dr. Jack Thompson','2025-04-26'),(63,474,'Steven Howell',74,'Dr. Rachel Lee','2025-06-08'),(64,250,'Natalie Reed',50,'Dr. Samuel Williams','2025-12-14'),(65,446,'Joan Lloyd',46,'Dr. Jack Turner','2025-11-14'),(66,535,'Frederick Smith',35,'Dr. Victoria Gray','2025-08-28'),(67,550,'Dr Amelia Brooks',50,'Dr. Samuel Williams','2025-10-23'),(68,303,'Mr Robert Potts',3,'Dr. Sophia Walker','2025-07-05'),(69,367,'Miss Beth Connolly',67,'Dr. Emily Collins','2025-12-08'),(70,216,'Aimee Humphreys',16,'Dr. Hannah Parker','2025-08-08'),(71,567,'Mr Shane Roberts',67,'Dr. Emily Collins','2025-12-19'),(72,179,'Miss Maureen Turner',79,'Dr. Zoe Adams','2025-03-14'),(73,63,'Mr Benjamin Smith',63,'Dr. Joshua White','2025-09-01'),(74,93,'Mr Glenn Thomas',93,'Dr. George Robinson','2025-02-26'),(75,585,'Dr Tony Bishop',85,'Dr. Emma Young','2025-05-26'),(76,88,'Mrs Joan Thomson',88,'Dr. Charlotte Green','2025-12-06'),(77,540,'Ms Bethany O\'Neill',40,'Dr. Elizabeth Scott','2025-01-22'),(78,145,'Jeffrey Evans-Marshall',45,'Dr. George Green','2025-01-07'),(79,342,'Mrs Jasmine Burns',42,'Dr. Lily Collins','2025-07-21'),(80,416,'Mr Dennis Butler',16,'Dr. Hannah Parker','2025-11-07'),(81,351,'Mohamed Wallis',51,'Dr. Isla Phillips','2025-07-19'),(82,568,'Vincent Savage',68,'Dr. Sophia Parker','2025-07-27'),(83,429,'Harriet Powell-Perkins',29,'Dr. Lucas Moore','2025-11-15'),(84,317,'Lewis Smith',17,'Dr. Jack Evans','2025-10-22'),(85,198,'Dr Jodie Owens',98,'Dr. Victoria Adams','2025-07-19'),(86,553,'Clifford Allen',53,'Dr. Abigail James','2025-07-11'),(87,252,'Colin Edwards',52,'Dr. Nathaniel Davis','2025-05-11'),(88,262,'Rachael Barry',62,'Dr. Sophie Turner','2025-04-05'),(89,540,'Ms Bethany ONeill',40,'Dr. Elizabeth Scott','2025-07-18'),(90,11,'Dr Karl Carter',11,'Dr. Lucas Green','2025-08-02'),(91,87,'Philip Scott',87,'Dr. Benjamin Scott','2025-01-14'),(92,84,'Mr Kyle Chandler',84,'Dr. George Carter','2025-07-20'),(93,97,'Mr Bryan Jones',97,'Dr. Laura Clark','2025-11-02'),(94,336,'Dr Rhys Johnson',36,'Dr. Patrick Smith','2025-11-11'),(95,488,'Linda Smith-Cross',88,'Dr. Charlotte Green','2025-08-01'),(96,598,'Dr Sara Sharp',98,'Dr. Victoria Adams','2025-10-27'),(97,44,'Olivia Campbell',44,'Dr. Sophie Bell','2025-07-07'),(98,182,'Mr Sean Bell',82,'Dr. Jack Thompson','2025-11-15'),(99,564,'Claire Miller',64,'Dr. Daniel Lee','2025-11-22'),(100,257,'Anthony Bell',57,'Dr. Lucy Wright','2025-11-23'),(101,586,'Louise Clark',86,'Dr. Lucas Bell','2025-07-24'),(102,11,'Dr Karl Carter',11,'Dr. Lucas Green','2025-06-06'),(103,365,'Mr Thomas Parker',65,'Dr. Grace Morris','2025-06-03'),(104,330,'Kayleigh Bates',30,'Dr. Sophia Allen','2025-01-03'),(105,127,'Dr Andrea Marshall',27,'Dr. Oliver Clark','2025-11-11'),(106,135,'Brian Newton',35,'Dr. Victoria Gray','2025-02-23'),(107,529,'Teresa Collins',29,'Dr. Lucas Moore','2025-03-13'),(108,531,'Mark Shaw',31,'Dr. Noah Carter','2025-08-03'),(109,305,'Ms Ellie Hall',5,'Dr. Jack Wilson','2025-01-14'),(110,40,'Philip Kirby',40,'Dr. Elizabeth Scott','2025-08-10'),(111,407,'Sam Clarke-Wilson',7,'Dr. Emily Turner','2025-04-22'),(112,590,'Mrs Kelly Pugh',90,'Dr. Abigail Bell','2025-12-22'),(113,504,'Dominic Richards-Hill',4,'Dr. Daniel Lewis','2025-03-22'),(114,557,'Mr George Woods',57,'Dr. Lucy Wright','2025-06-18'),(115,378,'John Butler',78,'Dr. Samuel Carter','2025-11-14'),(116,249,'Kirsty Skinner-Miller',49,'Dr. Leah Robinson','2025-08-19'),(117,133,'Emily Bond-Smith',33,'Dr. Henry King','2025-06-16'),(118,304,'Dr Dominic Peters',4,'Dr. Daniel Lewis','2025-07-15'),(119,167,'Alan Hill',67,'Dr. Emily Collins','2025-10-16'),(120,390,'Rebecca Scott',90,'Dr. Abigail Bell','2025-04-24'),(121,282,'Terry Jones-Watson',82,'Dr. Jack Thompson','2025-02-04'),(122,480,'Damien Richards',80,'Dr. Emma White','2025-12-13'),(123,421,'Aaron Thomas',21,'Dr. Alice Bell','2025-06-27'),(124,118,'Dr Dominic Gordon',18,'Dr. Charlotte King','2025-03-17'),(125,246,'Jack Hughes',46,'Dr. Jack Turner','2025-07-24'),(126,299,'Mr Shane Thomas',99,'Dr. Ethan Clark','2025-05-19'),(127,220,'Callum Harrison',20,'Dr. Sarah Morgan','2025-05-18'),(128,502,'Garry Webb',2,'Dr. James Bennett','2025-03-18'),(129,354,'Dawn Pollard',54,'Dr. Hugo White','2025-03-15'),(130,289,'Miss Carly May',89,'Dr. Joshua Mitchell','2025-03-15'),(131,292,'Karl Wright',92,'Dr. Natalie Evans','2025-01-22'),(132,497,'Justin Higgins',97,'Dr. Laura Clark','2025-01-22'),(133,570,'Sam Lawson-Wood',70,'Dr. Max Evans','2025-12-09'),(134,582,'Gavin Woods',82,'Dr. Jack Thompson','2025-02-26'),(135,309,'Timothy Pearson',9,'Dr. Jacob Moore','2025-03-22'),(136,246,'Jack Hughes',46,'Dr. Jack Turner','2025-02-19'),(137,395,'Charlene Jones',95,'Dr. William Allen','2025-03-06'),(138,33,'Harry Fox',33,'Dr. Henry King','2025-11-09'),(139,17,'Philip Hall',17,'Dr. Jack Evans','2025-09-04'),(140,538,'Mr Leigh Burns',38,'Dr. Ella Roberts','2025-05-14'),(141,559,'Tracy Adams',59,'Dr. Amelia Grant','2025-02-26'),(142,568,'Vincent Savage',68,'Dr. Sophia Parker','2025-12-09'),(143,432,'Dr Darren Summers',32,'Dr. Ava Morgan','2025-06-15'),(144,158,'Paige Wade',58,'Dr. Marcus Clark','2025-03-06'),(145,159,'Dr Kyle Clayton',59,'Dr. Amelia Grant','2025-09-01'),(146,379,'Keith Stewart-Dyer',79,'Dr. Zoe Adams','2025-06-09'),(147,73,'Martyn Carr',73,'Dr. Max Wilson','2025-10-26'),(148,220,'Callum Harrison',20,'Dr. Sarah Morgan','2025-12-18'),(149,130,'Tony Nicholson',30,'Dr. Sophia Allen','2025-12-05'),(150,345,'Claire Clarke',45,'Dr. George Green','2025-03-21'),(151,523,'Elliott Bennett',23,'Dr. Benjamin Harris','2025-03-15'),(152,429,'Harriet Powell-Perkins',29,'Dr. Lucas Moore','2025-02-19'),(153,475,'Alice Summers',75,'Dr. Sophia Grant','2025-01-02'),(154,208,'Anthony Banks',8,'Dr. William Scott','2025-08-27'),(155,521,'Kate Hooper-Middleton',21,'Dr. Alice Bell','2025-04-24'),(156,358,'Steven Glover-Read',58,'Dr. Marcus Clark','2025-02-18'),(157,301,'Ms Emma Rose',1,'Dr. Olivia Harris','2025-01-19'),(158,115,'Geoffrey Brown',15,'Dr. Matthew Young','2025-11-09'),(159,150,'Andrew Phillips',50,'Dr. Samuel Williams','2025-10-23'),(160,401,'Leslie Wilson',1,'Dr. Olivia Harris','2025-07-23'),(161,287,'Megan Dunn',87,'Dr. Benjamin Scott','2025-11-22'),(162,36,'Miss Lynda King',36,'Dr. Patrick Smith','2025-03-20'),(163,474,'Steven Howell',74,'Dr. Rachel Lee','2025-06-25'),(164,191,'Mr Gavin Reed',91,'Dr. Harry Wilson','2025-12-01'),(165,340,'Tom Lawrence',40,'Dr. Elizabeth Scott','2025-10-25'),(166,173,'Nicholas Walsh',73,'Dr. Max Wilson','2025-12-02'),(167,112,'Joe Hopkins-Cook',12,'Dr. Isla Carter','2025-02-13'),(168,331,'Dr Beth Howard',31,'Dr. Noah Carter','2025-05-03'),(169,307,'Harry Dixon',7,'Dr. Emily Turner','2025-10-09'),(170,144,'Dr Malcolm Baker',44,'Dr. Sophie Bell','2025-03-11'),(171,550,'Dr Amelia Brooks',50,'Dr. Samuel Williams','2025-10-01'),(172,112,'Joe Hopkins-Cook',12,'Dr. Isla Carter','2025-07-25'),(173,42,'Thomas Dale',42,'Dr. Lily Collins','2025-08-14'),(174,79,'Jill Jones',79,'Dr. Zoe Adams','2025-09-08'),(175,477,'Mr Timothy Anderson',77,'Dr. Lily Harris','2025-08-25'),(176,546,'Elaine Howard',46,'Dr. Jack Turner','2025-01-13'),(177,351,'Mohamed Wallis',51,'Dr. Isla Phillips','2025-02-22'),(178,77,'Dr Lawrence Kaur',77,'Dr. Lily Harris','2025-10-26'),(179,79,'Jill Jones',79,'Dr. Zoe Adams','2025-11-16'),(180,115,'Geoffrey Brown',15,'Dr. Matthew Young','2025-12-24'),(181,145,'Jeffrey Evans-Marshall',45,'Dr. George Green','2025-12-07'),(182,542,'Dr Cameron Lewis',42,'Dr. Lily Collins','2025-04-04'),(183,516,'Miss Helen Shepherd',16,'Dr. Hannah Parker','2025-11-20'),(184,208,'Anthony Banks',8,'Dr. William Scott','2025-07-09'),(185,586,'Louise Clark',86,'Dr. Lucas Bell','2025-04-13'),(186,338,'June Pollard',38,'Dr. Ella Roberts','2025-10-05'),(187,389,'Matthew Howard',89,'Dr. Joshua Mitchell','2025-02-28'),(188,487,'Martyn Martin',87,'Dr. Benjamin Scott','2025-12-02'),(189,265,'Jenna Davies',65,'Dr. Grace Morris','2025-07-22'),(190,269,'Thomas Williams',69,'Dr. Nathan Roberts','2025-11-15'),(191,380,'Elaine Kent-Knight',80,'Dr. Emma White','2025-05-27'),(192,222,'Vanessa Webb',22,'Dr. Samuel White','2025-05-19'),(193,77,'Dr Lawrence Kaur',77,'Dr. Lily Harris','2025-07-14'),(194,90,'Steven Wilson-Hall',90,'Dr. Abigail Bell','2025-03-01'),(195,124,'Mr Roger Dickinson',24,'Dr. Amelia Martinez','2025-06-09'),(196,213,'Dr Andrew Brennan',13,'Dr. Michael Adams','2025-11-13'),(197,407,'Sam Clarke-Wilson',7,'Dr. Emily Turner','2025-10-12'),(198,419,'Dr Pamela Thomas',19,'Dr. Joshua Scott','2025-11-13'),(199,421,'Aaron Thomas',21,'Dr. Alice Bell','2025-12-03'),(200,39,'Mrs Kim Lynch',39,'Dr. Benjamin Lewis','2025-05-22'),(201,423,'Thomas Clark-Smith',23,'Dr. Benjamin Harris','2025-09-27'),(202,461,'Mr Benjamin Reynolds',61,'Dr. Matthew Bell','2025-02-04'),(203,212,'Bradley Fox-Rose',12,'Dr. Isla Carter','2025-03-21'),(204,299,'Mr Shane Thomas',99,'Dr. Ethan Clark','2025-07-13'),(205,388,'Guy Robinson',88,'Dr. Charlotte Green','2025-04-22'),(206,445,'Vanessa Davies',45,'Dr. George Green','2025-04-05'),(207,320,'Alan Austin',20,'Dr. Sarah Morgan','2025-05-22'),(208,86,'Dean Khan',86,'Dr. Lucas Bell','2025-02-02'),(209,315,'Mohammed Skinner',15,'Dr. Matthew Young','2025-02-12'),(210,302,'Miss Stacey Jones',2,'Dr. James Bennett','2025-09-10'),(211,520,'Dr Mary Fraser',20,'Dr. Sarah Morgan','2025-12-06'),(212,309,'Timothy Pearson',9,'Dr. Jacob Moore','2025-12-19'),(213,206,'Ms Pauline Fletcher',6,'Dr. Ava Clarke','2025-01-24'),(214,300,'Amanda Dennis',100,'Dr. Olivia Roberts','2025-11-05'),(215,326,'William Nash-Taylor',26,'Dr. Natalie Mitchell','2025-06-03'),(216,413,'Amelia Rees',13,'Dr. Michael Adams','2025-05-22'),(217,284,'Lydia Mitchell',84,'Dr. George Carter','2025-12-04'),(218,509,'Allan Little',9,'Dr. Jacob Moore','2025-05-28'),(219,576,'Miss Teresa Chan',76,'Dr. John Murphy','2025-06-07'),(220,360,'Victoria Hope',60,'Dr. Richard Cooper','2025-06-04'),(221,7,'Paul Brown-Hunter',7,'Dr. Emily Turner','2025-01-05'),(222,178,'Gareth Warner',78,'Dr. Samuel Carter','2025-11-02'),(223,178,'Gareth Warner',78,'Dr. Samuel Carter','2025-10-12'),(224,44,'Olivia Campbell',44,'Dr. Sophie Bell','2025-01-15'),(225,25,'Mrs Jennifer Fraser',25,'Dr. Ethan Cooper','2025-08-13'),(226,273,'Dr Keith McKenzie',73,'Dr. Max Wilson','2025-07-27'),(227,219,'Dr Malcolm Thompson',19,'Dr. Joshua Scott','2025-04-09'),(228,45,'Leonard Buckley-Lyons',45,'Dr. George Green','2025-10-09'),(229,159,'Dr Kyle Clayton',59,'Dr. Amelia Grant','2025-05-12'),(230,451,'Henry Johnson',51,'Dr. Isla Phillips','2025-12-21'),(231,78,'Clifford Miller',78,'Dr. Samuel Carter','2025-11-19'),(232,459,'Mr Barry Green',59,'Dr. Amelia Grant','2025-08-23'),(233,334,'Gemma Hargreaves',34,'Dr. Clara Mitchell','2025-01-28'),(234,167,'Alan Hill',67,'Dr. Emily Collins','2025-10-06'),(235,456,'Albert Walker',56,'Dr. William Adams','2025-06-20'),(236,277,'Mr Jeffrey Matthews',77,'Dr. Lily Harris','2025-08-28'),(237,539,'Mrs Jodie Edwards',39,'Dr. Benjamin Lewis','2025-11-01'),(238,319,'Samantha Jones',19,'Dr. Joshua Scott','2025-10-23'),(239,91,'Zoe Leach',91,'Dr. Harry Wilson','2025-12-09'),(240,275,'Conor Bailey',75,'Dr. Sophia Grant','2025-07-04'),(241,288,'Joyce Burton',88,'Dr. Charlotte Green','2025-04-22'),(242,215,'Catherine Bull',15,'Dr. Matthew Young','2025-07-21'),(243,77,'Dr Lawrence Kaur',77,'Dr. Lily Harris','2025-01-27'),(244,280,'Donna Jennings',80,'Dr. Emma White','2025-11-07'),(245,81,'Leon Parkes',81,'Dr. Daniel Cooper','2025-06-01'),(246,13,'Dr Natasha Smith',13,'Dr. Michael Adams','2025-03-08'),(247,206,'Ms Pauline Fletcher',6,'Dr. Ava Clarke','2025-08-26'),(248,529,'Teresa Collins',29,'Dr. Lucas Moore','2025-11-02'),(249,141,'Mr Cameron Stephens',41,'Dr. Oliver Walker','2025-06-25'),(250,408,'Harry Thomas',8,'Dr. William Scott','2025-07-20'),(251,153,'Dr Suzanne Jones',53,'Dr. Abigail James','2025-09-08'),(252,495,'Lydia Woods',95,'Dr. William Allen','2025-11-20'),(253,312,'Jill Jones',12,'Dr. Isla Carter','2025-01-12'),(254,348,'Mitchell Jones-Marshall',48,'Dr. Zachary Clark','2025-10-08'),(255,265,'Jenna Davies',65,'Dr. Grace Morris','2025-03-16'),(256,519,'Brenda Leonard-Bennett',19,'Dr. Joshua Scott','2025-06-14'),(257,46,'Claire Walker',46,'Dr. Jack Turner','2025-09-04'),(258,145,'Jeffrey Evans-Marshall',45,'Dr. George Green','2025-11-03'),(259,125,'June Foster',25,'Dr. Ethan Cooper','2025-01-28'),(260,399,'Ms Amy Norman',99,'Dr. Ethan Clark','2025-02-13'),(261,148,'Dr Alan Lane',48,'Dr. Zachary Clark','2025-05-03'),(262,553,'Clifford Allen',53,'Dr. Abigail James','2025-09-22'),(263,599,'Dr Tony Page',99,'Dr. Ethan Clark','2025-08-12'),(264,472,'Mr Glenn Carey',72,'Dr. Isabelle Moore','2025-10-11'),(265,103,'Edward Hopkins',3,'Dr. Sophia Walker','2025-09-05'),(266,303,'Mr Robert Potts',3,'Dr. Sophia Walker','2025-06-12'),(267,243,'Ms Heather Griffiths',43,'Dr. Ethan Mitchell','2025-08-26'),(268,430,'Kathryn Greenwood',30,'Dr. Sophia Allen','2025-01-18'),(269,52,'Michelle Webster',52,'Dr. Nathaniel Davis','2025-10-02'),(270,526,'Lynne Robinson-Cox',26,'Dr. Natalie Mitchell','2025-08-16'),(271,328,'Wayne O\'Brien',28,'Dr. Mia Robinson','2025-02-08'),(272,53,'Abbie Wood',53,'Dr. Abigail James','2025-04-10'),(273,215,'Catherine Bull',15,'Dr. Matthew Young','2025-01-04'),(274,291,'Mr Norman Davies',91,'Dr. Harry Wilson','2025-08-19'),(275,477,'Mr Timothy Anderson',77,'Dr. Lily Harris','2025-06-22'),(276,385,'Aimee Bray',85,'Dr. Emma Young','2025-08-25'),(277,398,'Gemma Harris',98,'Dr. Victoria Adams','2025-09-08'),(278,8,'Chelsea Jones',8,'Dr. William Scott','2025-05-22'),(279,458,'Leanne Young',58,'Dr. Marcus Clark','2025-03-07'),(280,287,'Megan Dunn',87,'Dr. Benjamin Scott','2025-02-11'),(281,237,'Alexandra Hughes',37,'Dr. Daniel Harris','2025-03-28'),(282,148,'Dr Alan Lane',48,'Dr. Zachary Clark','2025-12-07'),(283,169,'Kevin Doherty',69,'Dr. Nathan Roberts','2025-10-17'),(284,241,'Lorraine Thorpe',41,'Dr. Oliver Walker','2025-09-18'),(285,458,'Leanne Young',58,'Dr. Marcus Clark','2025-03-28'),(286,436,'Dr Joyce West',36,'Dr. Patrick Smith','2025-07-17'),(287,410,'William Tucker',10,'Dr. Emma Thompson','2025-03-09'),(288,449,'Harriet Taylor',49,'Dr. Leah Robinson','2025-03-24'),(289,417,'Dr Lawrence Pearson',17,'Dr. Jack Evans','2025-09-04'),(290,165,'Mary Graham',65,'Dr. Grace Morris','2025-12-08'),(291,541,'Dominic Nolan',41,'Dr. Oliver Walker','2025-02-15'),(292,367,'Miss Beth Connolly',67,'Dr. Emily Collins','2025-04-01'),(293,52,'Michelle Webster',52,'Dr. Nathaniel Davis','2025-07-25'),(294,184,'Dr Roger Kelly',84,'Dr. George Carter','2025-10-10'),(295,414,'Dr Lisa Gibson',14,'Dr. Lily Roberts','2025-09-03'),(296,394,'Duncan Lee',94,'Dr. Hannah King','2025-07-17'),(297,157,'Melissa Barker',57,'Dr. Lucy Wright','2025-10-04'),(298,263,'Mr James Thompson',63,'Dr. Joshua White','2025-05-26'),(299,363,'Anthony Warren',63,'Dr. Joshua White','2025-01-02'),(300,536,'Alison Dunn-Rogers',36,'Dr. Patrick Smith','2025-12-19'),(301,280,'Donna Jennings',80,'Dr. Emma White','2025-11-16'),(302,545,'Mr Craig Johnson',45,'Dr. George Green','2025-02-19'),(303,68,'Sara Kennedy-Lambert',68,'Dr. Sophia Parker','2025-08-10'),(304,50,'Ms Melanie Jones',50,'Dr. Samuel Williams','2025-08-23'),(305,345,'Claire Clarke',45,'Dr. George Green','2025-02-14'),(306,174,'Jennifer Lambert-Taylor',74,'Dr. Rachel Lee','2025-11-28'),(307,288,'Joyce Burton',88,'Dr. Charlotte Green','2025-07-17'),(308,7,'Paul Brown-Hunter',7,'Dr. Emily Turner','2025-03-20'),(309,189,'Emma Newman',89,'Dr. Joshua Mitchell','2025-01-20'),(310,215,'Catherine Bull',15,'Dr. Matthew Young','2025-11-21'),(311,372,'Mr Maurice Kelly',72,'Dr. Isabelle Moore','2025-12-28'),(312,101,'Katy Smith',1,'Dr. Olivia Harris','2025-01-20'),(313,241,'Lorraine Thorpe',41,'Dr. Oliver Walker','2025-10-26'),(314,367,'Miss Beth Connolly',67,'Dr. Emily Collins','2025-08-21'),(315,456,'Albert Walker',56,'Dr. William Adams','2025-03-17'),(316,27,'Naomi French-Joyce',27,'Dr. Oliver Clark','2025-08-05'),(317,19,'Dr Stuart Kelly',19,'Dr. Joshua Scott','2025-12-20'),(318,261,'Alan Robinson',61,'Dr. Matthew Bell','2025-07-17'),(319,372,'Mr Maurice Kelly',72,'Dr. Isabelle Moore','2025-10-04'),(320,141,'Mr Cameron Stephens',41,'Dr. Oliver Walker','2025-04-19'),(321,403,'Mr Connor Roberts',3,'Dr. Sophia Walker','2025-02-16'),(322,77,'Dr Lawrence Kaur',77,'Dr. Lily Harris','2025-08-20'),(323,132,'Mr Roy Cross',32,'Dr. Ava Morgan','2025-03-23'),(324,532,'Cheryl Gilbert-Fleming',32,'Dr. Ava Morgan','2025-07-07'),(325,557,'Mr George Woods',57,'Dr. Lucy Wright','2025-02-21'),(326,265,'Jenna Davies',65,'Dr. Grace Morris','2025-04-25'),(327,511,'Rosie Craig',11,'Dr. Lucas Green','2025-08-11'),(328,65,'Kirsty Farrell-Freeman',65,'Dr. Grace Morris','2025-03-28'),(329,137,'Sara Parsons',37,'Dr. Daniel Harris','2025-07-16'),(330,527,'Lindsey Chambers',27,'Dr. Oliver Clark','2025-01-24'),(331,45,'Leonard Buckley-Lyons',45,'Dr. George Green','2025-10-06'),(332,361,'Maria Walker',61,'Dr. Matthew Bell','2025-10-06'),(333,542,'Dr Cameron Lewis',42,'Dr. Lily Collins','2025-06-01'),(334,268,'Dr Diana Murray',68,'Dr. Sophia Parker','2025-10-15'),(335,346,'Dr Jill Young',46,'Dr. Jack Turner','2025-05-23'),(336,370,'Iain Cooper',70,'Dr. Max Evans','2025-01-13'),(337,11,'Dr Karl Carter',11,'Dr. Lucas Green','2025-01-24'),(338,444,'Stewart Evans',44,'Dr. Sophie Bell','2025-08-23'),(339,457,'Francesca Ward',57,'Dr. Lucy Wright','2025-01-05'),(340,351,'Mohamed Wallis',51,'Dr. Isla Phillips','2025-03-13'),(341,454,'Josephine Riley',54,'Dr. Hugo White','2025-04-11'),(342,496,'Gemma Morgan',96,'Dr. Samuel Walker','2025-08-22'),(343,367,'Miss Beth Connolly',67,'Dr. Emily Collins','2025-04-13'),(344,460,'Aimee Rogers',60,'Dr. Richard Cooper','2025-03-22'),(345,143,'Rebecca Kirby',43,'Dr. Ethan Mitchell','2025-12-17'),(346,199,'Ms Marian Bennett',99,'Dr. Ethan Clark','2025-06-07'),(347,369,'Rhys Kaur',69,'Dr. Nathan Roberts','2025-02-19'),(348,469,'Andrew Hancock',69,'Dr. Nathan Roberts','2025-09-06'),(349,25,'Mrs Jennifer Fraser',25,'Dr. Ethan Cooper','2025-04-03'),(350,14,'Dr Scott Williamson',14,'Dr. Lily Roberts','2025-03-26'),(351,376,'Mr Henry Day',76,'Dr. John Murphy','2025-09-02'),(352,313,'Joan Tomlinson',13,'Dr. Michael Adams','2025-05-16'),(353,179,'Miss Maureen Turner',79,'Dr. Zoe Adams','2025-09-09'),(354,525,'Shane Cross',25,'Dr. Ethan Cooper','2025-08-07'),(355,515,'Jemma Powell',15,'Dr. Matthew Young','2025-11-09'),(356,551,'Vincent Harper',51,'Dr. Isla Phillips','2025-11-22'),(357,414,'Dr Lisa Gibson',14,'Dr. Lily Roberts','2025-08-28'),(358,396,'Mr Kevin Reed',96,'Dr. Samuel Walker','2025-07-24'),(359,66,'Mr Bradley Sullivan',66,'Dr. James Hughes','2025-11-20'),(360,89,'Alice Hunt',89,'Dr. Joshua Mitchell','2025-11-26'),(361,494,'Abdul Taylor',94,'Dr. Hannah King','2025-04-15'),(362,52,'Michelle Webster',52,'Dr. Nathaniel Davis','2025-07-22'),(363,462,'Andrew Bird',62,'Dr. Sophie Turner','2025-02-06'),(364,205,'Paula Gray-Taylor',5,'Dr. Jack Wilson','2025-02-21'),(365,453,'Patrick Davies',53,'Dr. Abigail James','2025-05-01'),(366,469,'Andrew Hancock',69,'Dr. Nathan Roberts','2025-04-24'),(367,453,'Patrick Davies',53,'Dr. Abigail James','2025-10-22'),(368,229,'Frank Gill',29,'Dr. Lucas Moore','2025-12-25'),(369,249,'Kirsty Skinner-Miller',49,'Dr. Leah Robinson','2025-02-04'),(370,568,'Vincent Savage',68,'Dr. Sophia Parker','2025-11-06'),(371,386,'Sandra Davison',86,'Dr. Lucas Bell','2025-04-02'),(372,472,'Mr Glenn Carey',72,'Dr. Isabelle Moore','2025-03-11'),(373,295,'Ms Amy Greenwood',95,'Dr. William Allen','2025-04-04'),(374,483,'Kelly Lawson',83,'Dr. Isabelle Clark','2025-08-20'),(375,449,'Harriet Taylor',49,'Dr. Leah Robinson','2025-07-17'),(376,271,'Barbara Lawrence',71,'Dr. Thomas Harris','2025-04-25'),(377,452,'Dr Jade Davidson',52,'Dr. Nathaniel Davis','2025-09-22'),(378,302,'Miss Stacey Jones',2,'Dr. James Bennett','2025-10-08'),(379,63,'Mr Benjamin Smith',63,'Dr. Joshua White','2025-12-17'),(380,211,'Amber Kirby-Barnes',11,'Dr. Lucas Green','2025-10-09'),(381,573,'Nicole Brown-Chapman',73,'Dr. Max Wilson','2025-10-08'),(382,18,'Amanda Sharp-Gardner',18,'Dr. Charlotte King','2025-05-09'),(383,498,'Gail Stewart-Williams',98,'Dr. Victoria Adams','2025-05-24'),(384,173,'Nicholas Walsh',73,'Dr. Max Wilson','2025-03-06'),(385,339,'Dr Rebecca Patterson',39,'Dr. Benjamin Lewis','2025-09-15'),(386,193,'Carly Goodwin',93,'Dr. George Robinson','2025-06-15'),(387,60,'Jamie Kelly-Walton',60,'Dr. Richard Cooper','2025-06-01'),(388,57,'Matthew Davies-Fuller',57,'Dr. Lucy Wright','2025-06-28'),(389,597,'Amber Begum',97,'Dr. Laura Clark','2025-03-10'),(390,405,'Rachel Smith',5,'Dr. Jack Wilson','2025-12-12'),(391,479,'Eileen Graham',79,'Dr. Zoe Adams','2025-04-27'),(392,93,'Mr Glenn Thomas',93,'Dr. George Robinson','2025-12-07'),(393,214,'Andrew Knight',14,'Dr. Lily Roberts','2025-10-16'),(394,312,'Jill Jones',12,'Dr. Isla Carter','2025-02-23'),(395,533,'Mr Reece Williams',33,'Dr. Henry King','2025-09-06'),(396,398,'Gemma Harris',98,'Dr. Victoria Adams','2025-09-22'),(397,31,'Ms Sharon Howe',31,'Dr. Noah Carter','2025-12-13'),(398,313,'Joan Tomlinson',13,'Dr. Michael Adams','2025-04-27'),(399,239,'Dr Alice Roberts',39,'Dr. Benjamin Lewis','2025-10-09'),(400,528,'Timothy Pratt',28,'Dr. Mia Robinson','2025-02-01'),(401,209,'Janet Thomas-Morgan',9,'Dr. Jacob Moore','2025-08-08'),(402,202,'Julie Andrews',2,'Dr. James Bennett','2025-10-15'),(403,5,'Ms Jill Hargreaves',5,'Dr. Jack Wilson','2025-01-22'),(404,68,'Sara Kennedy-Lambert',68,'Dr. Sophia Parker','2025-06-18'),(405,15,'Dr Patrick Ellis',15,'Dr. Matthew Young','2025-12-11'),(406,49,'William Ford',49,'Dr. Leah Robinson','2025-09-18'),(407,316,'Mrs Barbara Phillips',16,'Dr. Hannah Parker','2025-12-21'),(408,104,'Ms Kimberley Smith',4,'Dr. Daniel Lewis','2025-09-09'),(409,21,'Gareth Parker-Clarke',21,'Dr. Alice Bell','2025-08-01'),(410,54,'Dr Aaron Bates',54,'Dr. Hugo White','2025-06-17'),(411,389,'Matthew Howard',89,'Dr. Joshua Mitchell','2025-11-17'),(412,555,'Kelly Gibbons',55,'Dr. Olivia Phillips','2025-10-15'),(413,329,'Ms Jill Nicholls',29,'Dr. Lucas Moore','2025-06-12'),(414,223,'Mr Marcus Thomas',23,'Dr. Benjamin Harris','2025-05-28'),(415,87,'Philip Scott',87,'Dr. Benjamin Scott','2025-01-10'),(416,469,'Andrew Hancock',69,'Dr. Nathan Roberts','2025-04-19'),(417,259,'Gerald Morgan',59,'Dr. Amelia Grant','2025-12-22'),(418,494,'Abdul Taylor',94,'Dr. Hannah King','2025-12-24'),(419,73,'Martyn Carr',73,'Dr. Max Wilson','2025-06-03'),(420,70,'Miss Jennifer Woods',70,'Dr. Max Evans','2025-02-20'),(421,263,'Mr James Thompson',63,'Dr. Joshua White','2025-03-18'),(422,157,'Melissa Barker',57,'Dr. Lucy Wright','2025-09-26'),(423,94,'Dr Yvonne Hanson',94,'Dr. Hannah King','2025-12-28'),(424,575,'Melanie Green',75,'Dr. Sophia Grant','2025-04-04'),(425,505,'Jayne Clark-Banks',5,'Dr. Jack Wilson','2025-12-13'),(426,354,'Dawn Pollard',54,'Dr. Hugo White','2025-05-10'),(427,546,'Elaine Howard',46,'Dr. Jack Turner','2025-03-04'),(428,149,'Jay Taylor',49,'Dr. Leah Robinson','2025-12-14'),(429,67,'Mr Jacob Stevens',67,'Dr. Emily Collins','2025-11-24'),(430,7,'Paul Brown-Hunter',7,'Dr. Emily Turner','2025-07-18'),(431,44,'Olivia Campbell',44,'Dr. Sophie Bell','2025-11-20'),(432,231,'Teresa Jones',31,'Dr. Noah Carter','2025-08-27'),(433,111,'Ms Megan Rowley',11,'Dr. Lucas Green','2025-05-02'),(434,357,'Conor Finch-Smith',57,'Dr. Lucy Wright','2025-01-24'),(435,558,'Rosie Jones',58,'Dr. Marcus Clark','2025-07-04'),(436,196,'Dr Alex Williams',96,'Dr. Samuel Walker','2025-01-26'),(437,400,'Mr Maurice Saunders',100,'Dr. Olivia Roberts','2025-06-27'),(438,204,'Dr Paul Taylor',4,'Dr. Daniel Lewis','2025-05-24'),(439,490,'Valerie Young-Middleton',90,'Dr. Abigail Bell','2025-09-18'),(440,326,'William Nash-Taylor',26,'Dr. Natalie Mitchell','2025-06-09'),(441,383,'Maria Jones',83,'Dr. Isabelle Clark','2025-04-07'),(442,38,'Kimberley Wright',38,'Dr. Ella Roberts','2025-10-10'),(443,589,'Charlene Campbell',89,'Dr. Joshua Mitchell','2025-04-09'),(444,346,'Dr Jill Young',46,'Dr. Jack Turner','2025-01-15'),(445,339,'Dr Rebecca Patterson',39,'Dr. Benjamin Lewis','2025-10-28'),(446,519,'Brenda Leonard-Bennett',19,'Dr. Joshua Scott','2025-09-15'),(447,583,'Mr Adrian Jones',83,'Dr. Isabelle Clark','2025-10-10'),(448,565,'Samantha Bennett',65,'Dr. Grace Morris','2025-03-12'),(449,72,'Sheila Marshall',72,'Dr. Isabelle Moore','2025-01-19'),(450,439,'Wendy Riley-Brown',39,'Dr. Benjamin Lewis','2025-06-08'),(451,565,'Samantha Bennett',65,'Dr. Grace Morris','2025-06-26'),(452,120,'Donald Allen',20,'Dr. Sarah Morgan','2025-05-02'),(453,479,'Eileen Graham',79,'Dr. Zoe Adams','2025-04-27'),(454,243,'Ms Heather Griffiths',43,'Dr. Ethan Mitchell','2025-04-08'),(455,544,'Mr Gerard Ball',44,'Dr. Sophie Bell','2025-11-02'),(456,482,'Mark Chapman',82,'Dr. Jack Thompson','2025-04-21'),(457,462,'Andrew Bird',62,'Dr. Sophie Turner','2025-03-01'),(458,392,'Katy Crawford',92,'Dr. Natalie Evans','2025-03-03'),(459,23,'Edward Brooks-White',23,'Dr. Benjamin Harris','2025-02-16'),(460,599,'Dr Tony Page',99,'Dr. Ethan Clark','2025-06-02'),(461,344,'Mrs Diana Johnson',44,'Dr. Sophie Bell','2025-07-13'),(462,147,'Marie Jones',47,'Dr. Olivia Evans','2025-07-26'),(463,68,'Sara Kennedy-Lambert',68,'Dr. Sophia Parker','2025-11-28'),(464,107,'Zoe Bartlett',7,'Dr. Emily Turner','2025-10-04'),(465,32,'Kenneth Duncan',32,'Dr. Ava Morgan','2025-04-14'),(466,34,'Elliott Wyatt',34,'Dr. Clara Mitchell','2025-03-28'),(467,423,'Thomas Clark-Smith',23,'Dr. Benjamin Harris','2025-06-23'),(468,482,'Mark Chapman',82,'Dr. Jack Thompson','2025-08-13'),(469,16,'Lee Vaughan',16,'Dr. Hannah Parker','2025-10-27'),(470,191,'Mr Gavin Reed',91,'Dr. Harry Wilson','2025-09-01'),(471,168,'Stephen Hill',68,'Dr. Sophia Parker','2025-07-26'),(472,68,'Sara Kennedy-Lambert',68,'Dr. Sophia Parker','2025-10-26'),(473,461,'Mr Benjamin Reynolds',61,'Dr. Matthew Bell','2025-11-16'),(474,416,'Mr Dennis Butler',16,'Dr. Hannah Parker','2025-02-08'),(475,542,'Dr Cameron Lewis',42,'Dr. Lily Collins','2025-12-09'),(476,589,'Charlene Campbell',89,'Dr. Joshua Mitchell','2025-02-02'),(477,62,'Barbara Pickering-Barrett',62,'Dr. Sophie Turner','2025-10-19'),(478,15,'Dr Patrick Ellis',15,'Dr. Matthew Young','2025-05-27'),(479,164,'Ms Charlotte Hill',64,'Dr. Daniel Lee','2025-02-12'),(480,343,'Aaron Kay-Ward',43,'Dr. Ethan Mitchell','2025-06-12'),(481,515,'Jemma Powell',15,'Dr. Matthew Young','2025-02-18'),(482,29,'Dr Jake Richardson',29,'Dr. Lucas Moore','2025-05-26'),(483,57,'Matthew Davies-Fuller',57,'Dr. Lucy Wright','2025-11-19'),(484,299,'Mr Shane Thomas',99,'Dr. Ethan Clark','2025-10-16'),(485,498,'Gail Stewart-Williams',98,'Dr. Victoria Adams','2025-02-02'),(486,216,'Aimee Humphreys',16,'Dr. Hannah Parker','2025-02-24'),(487,241,'Lorraine Thorpe',41,'Dr. Oliver Walker','2025-11-24'),(488,589,'Charlene Campbell',89,'Dr. Joshua Mitchell','2025-02-27'),(489,458,'Leanne Young',58,'Dr. Marcus Clark','2025-09-06'),(490,2,'Robert Metcalfe',2,'Dr. James Bennett','2025-01-26'),(491,378,'John Butler',78,'Dr. Samuel Carter','2025-10-21'),(492,38,'Kimberley Wright',38,'Dr. Ella Roberts','2025-05-11'),(493,335,'Dominic Cook',35,'Dr. Victoria Gray','2025-10-07'),(494,241,'Lorraine Thorpe',41,'Dr. Oliver Walker','2025-01-03'),(495,117,'Sarah Harvey',17,'Dr. Jack Evans','2025-08-25'),(496,314,'Terry Lewis',14,'Dr. Lily Roberts','2025-12-22'),(497,548,'Patrick Wheeler-Young',48,'Dr. Zachary Clark','2025-12-13'),(498,411,'Lee Rose',11,'Dr. Lucas Green','2025-06-28'),(499,503,'June Allen',3,'Dr. Sophia Walker','2025-04-14'),(500,288,'Joyce Burton',88,'Dr. Charlotte Green','2025-03-16');
/*!40000 ALTER TABLE `appointments` ENABLE KEYS */;
UNLOCK TABLES;

--
-- Table structure for table `diseases`
--

DROP TABLE IF EXISTS `diseases`;
/*!40101 SET @saved_cs_client     = @@character_set_client */;
/*!50503 SET character_set_client = utf8mb4 */;
CREATE TABLE `diseases` (
  `Disease_ID` int unsigned NOT NULL AUTO_INCREMENT,
  `Disease_Name` varchar(150) NOT NULL,
  `Medication_ID` int unsigned NOT NULL,
  `Medication_Name` varchar(150) NOT NULL,
  `Doctor_ID` int unsigned NOT NULL,
  PRIMARY KEY (`Disease_ID`),
  KEY `Medication_ID` (`Medication_ID`),
  KEY `Doctor_ID` (`Doctor_ID`),
  CONSTRAINT `diseases_ibfk_1` FOREIGN KEY (`Medication_ID`) REFERENCES `medications` (`Medication_ID`),
  CONSTRAINT `diseases_ibfk_2` FOREIGN KEY (`Doctor_ID`) REFERENCES `doctors` (`Doctor_ID`)
) ENGINE=InnoDB AUTO_INCREMENT=101 DEFAULT CHARSET=utf8mb4 COLLATE=utf8mb4_0900_ai_ci;
/*!40101 SET character_set_client = @saved_cs_client */;

--
-- Dumping data for table `diseases`
--

LOCK TABLES `diseases` WRITE;
/*!40000 ALTER TABLE `diseases` DISABLE KEYS */;
INSERT INTO `diseases` VALUES (1,'Heart attack prevention',1,'Aspirin',1),(2,'Arthritis',2,'Ibuprofen',2),(3,'Fever',3,'Paracetamol',3),(4,'Bacterial infection',4,'Amoxicillin',4),(5,'Type 2 Diabetes',5,'Metformin',5),(6,'Hypertension',6,'Lisinopril',6),(7,'High cholesterol',7,'Atorvastatin',7),(8,'Autoimmune disease',8,'Prednisone',8),(9,'Depression',9,'Sertraline',9),(10,'Acid reflux',10,'Omeprazole',10),(11,'Hypertension',11,'Amlodipine',11),(12,'Anxiety',12,'Alprazolam',12),(13,'High cholesterol',13,'Simvastatin',13),(14,'Urinary tract infection',14,'Ciprofloxacin',14),(15,'Hypertension',15,'Losartan',15),(16,'Heart failure',16,'Furosemide',16),(17,'Neuropathic pain',17,'Gabapentin',17),(18,'Insomnia',18,'Lorazepam',18),(19,'Hypertension',19,'Hydrochlorothiazide',19),(20,'Insomnia',20,'Trazodone',20),(21,'Severe pain',21,'Fentanyl',21),(22,'Depression',22,'Citalopram',22),(23,'Obsessive-Compulsive Disorder',23,'Fluoxetine',23),(24,'Epilepsy',24,'Carbamazepine',24),(25,'Severe pain',25,'Hydrocodone',25),(26,'Panic disorder',26,'Clonazepam',26),(27,'Smoking cessation',27,'Bupropion',27),(28,'Lyme disease',28,'Doxycycline',28),(29,'Insomnia',29,'Zolpidem',29),(30,'Blood clot prevention',30,'Clopidogrel',30),(31,'Allergic Rhinitis',31,'Loratadine',31),(32,'High Cholesterol',32,'Rosuvastatin',32),(33,'Epilepsy',33,'Lamotrigine',33),(34,'Migraine',34,'Sumatriptan',34),(35,'Chronic Obstructive Pulmonary Disease (COPD)',35,'Tiotropium',35),(36,'Osteoporosis',36,'Alendronate',36),(37,'Anxiety Disorders',37,'Diazepam',37),(38,'Parkinson’s Disease',38,'Levodopa',38),(39,'Gout',39,'Allopurinol',39),(40,'Psoriasis',40,'Methotrexate',40),(41,'Celiac Disease',41,'Gluten Free Diet',41),(42,'TB',42,'Rifampicin',42),(43,'HIV',43,'Antiretroviral Therapy',43),(44,'Anemia',44,'Iron Supplements',44),(45,'Sickle Cell Anemia',45,'Hydoxyurea',45),(46,'Acne',46,'Tretinoin',46),(47,'Anemia',47,'Iron Supplements',47),(48,'Appendicitis',48,'Appendectomy',48),(49,'Asthma',49,'Albuterol',49),(50,'Bacterial Vaginosis',50,'Metronidazole',50),(51,'Basal Cell Carcinoma',51,'Cryotherapy',51),(52,'Bladder Infection (Cystitis)',52,'Nitrofurantoin',52),(53,'Bronchitis',53,'Albuterol',53),(54,'Chronic Fatigue Syndrome',54,'Antidepressants',54),(55,'Chronic Kidney Disease (CKD)',55,'Lisinopril',55),(56,'Cirrhosis',56,'Liver Transplant',56),(57,'Colorectal Cancer',57,'Chemotherapy',57),(58,'Whooping Cough (Pertussis)',58,'Azithromycin',58),(59,'Conjunctivitis (Pink Eye)',59,'Chloramphenicol',59),(60,'Varicose Veins',60,'Compression Stockings',60),(61,'COVID-19',61,'Remdesivir',61),(62,'Cystic Fibrosis',62,'Dornase alfa',62),(63,'Dengue Fever',63,'Paracetamol',63),(64,'Depression',64,'Fluoxetine',64),(65,'Diabetic Neuropathy',65,'Gabapentin',65),(66,'Eczema (Atopic Dermatitis)',66,'Hydrocortisone',66),(67,'Epilepsy',67,'Valproate',67),(68,'Fungal Infections (e.g., Athletes Foot)',68,'Clotrimazole',68),(69,'Gastroesophageal Reflux Disease (GERD)',69,'Omeprazole',69),(70,'Gout',70,'Colchicine',70),(71,'Hay Fever (Allergic Rhinitis)',71,'Cetirizine',71),(72,'Heart Attack (Myocardial Infarction)',72,'Aspirin',72),(73,'Hepatitis B',73,'Tenofovir',73),(74,'Hepatitis C',74,'Sofosbuvir',74),(75,'Herniated Disc',75,'Ibuprofen',75),(76,'Hypertension (High Blood Pressure)',76,'Lisinopril',76),(77,'Hyperthyroidism',77,'Methimazole',77),(78,'Influenza (Flu)',78,'Oseltamivir',78),(79,'Irritable Bowel Syndrome (IBS)',79,'Loperamide',79),(80,'Yeast Infection',80,'Fluconazole',80),(81,'Lung Cancer',81,'Chemotherapy',81),(82,'Lupus',82,'Hydroxychloroquine',82),(83,'Malaria',83,'Chloroquine',83),(84,'Menopause',84,'Estrogen',84),(85,'Migraine',85,'Sumatriptan',85),(86,'Multiple Sclerosis',86,'Interferon',86),(87,'Osteoarthritis',87,'Acetaminophen',87),(88,'Osteoporosis',88,'Alendronate',88),(89,'Pneumonia',89,'Amoxicillin',89),(90,'Psoriasis',90,'Calcipotriene',90),(91,'Rheumatoid Arthritis',91,'Methotrexate',91),(92,'Scabies',92,'Permethrin',92),(93,'Schizophrenia',93,'Olanzapine',93),(94,'Shingles',94,'Acyclovir',94),(95,'Sleep Apnea',95,'CPAP Therapy',95),(96,'Stomach Ulcer',96,'Omeprazole',96),(97,'Stroke',97,'Tissue Plasminogen Activator',97),(98,'Tuberculosis',98,'Rifampin',98),(99,'Tonsillitis',99,'Amoxicillin',99),(100,'Urinary Tract Infection (UTI)',100,'Trimethoprim',100);
/*!40000 ALTER TABLE `diseases` ENABLE KEYS */;
UNLOCK TABLES;

--
-- Table structure for table `doctors`
--

DROP TABLE IF EXISTS `doctors`;
/*!40101 SET @saved_cs_client     = @@character_set_client */;
/*!50503 SET character_set_client = utf8mb4 */;
CREATE TABLE `doctors` (
  `Doctor_ID` int unsigned NOT NULL AUTO_INCREMENT,
  `Doctor_Name` varchar(150) NOT NULL,
  `DOB` date NOT NULL,
  `Address` varchar(150) NOT NULL,
  `Hospital_ID` int unsigned NOT NULL,
  `Hospital_Name` varchar(150) NOT NULL,
  PRIMARY KEY (`Doctor_ID`),
  KEY `Hospital_ID` (`Hospital_ID`),
  CONSTRAINT `doctors_ibfk_1` FOREIGN KEY (`Hospital_ID`) REFERENCES `hospitals` (`Hospital_ID`)
) ENGINE=InnoDB AUTO_INCREMENT=101 DEFAULT CHARSET=utf8mb4 COLLATE=utf8mb4_0900_ai_ci;
/*!40101 SET character_set_client = @saved_cs_client */;

--
-- Dumping data for table `doctors`
--

LOCK TABLES `doctors` WRITE;
/*!40000 ALTER TABLE `doctors` DISABLE KEYS */;
INSERT INTO `doctors` VALUES (1,'Dr. Olivia Harris','1976-05-08','10 Whitechapel Road, London, E1 1AA',1,'Royal London Hospital'),(2,'Dr. James Bennett','1988-08-23','42 Oxford Road, Manchester, M13 9WL',2,'Manchester Royal Infirmary'),(3,'Dr. Sophia Walker','1996-08-01','75 Westminster Bridge Road, London, SE1 7EH',3,'St. Thomas\" Hospital'),(4,'Dr. Daniel Lewis','1974-03-01','30 Edgbaston Park Road, Birmingham, B15 2TH',4,'Birmingham City Hospital'),(5,'Dr. Jack Wilson','1988-05-12','14 Trumpington Street, Cambridge, CB2 1QA',5,'Addenbrooke\"s Hospital'),(6,'Dr. Ava Clarke','1974-10-01','20 Great Ormond Street, London, WC1N 3JH',6,'Great Ormond Street Hospital'),(7,'Dr. Emily Turner','1992-12-12','8 Bassett Avenue, Southampton, SO16 7FD',7,'University Hospital Southampton'),(8,'Dr. William Scott','1972-01-13','55 Sandyford Road, Newcastle upon Tyne, NE2 1RN',8,'Royal Victoria Infirmary'),(9,'Dr. Jacob Moore','1978-08-17','25 Harborne Road, Birmingham, B15 3AA',9,'Queen Elizabeth Hospital'),(10,'Dr. Emma Thompson','1972-06-20','7 Eaton Street, Norwich, NR4 7AB',10,'Norfolk and Norwich Hospital'),(11,'Dr. Lucas Green','1990-10-13','18 Hyde Park Road, Leeds, LS6 1PY',11,'Leeds General Infirmary'),(12,'Dr. Isla Carter','1974-12-25','12 Weston Street, London, SE1 3QD',12,'Guy\"s Hospital'),(13,'Dr. Michael Adams','1992-03-17','22 Hammersmith Grove, London, W6 0NW',13,'Charing Cross Hospital'),(14,'Dr. Lily Roberts','1974-08-27','9 Headington Road, Oxford, OX3 7TD',14,'John Radcliffe Hospital'),(15,'Dr. Matthew Young','1970-11-22','34 Denmark Hill, London, SE5 8RP',15,'Kings College Hospital'),(16,'Dr. Hannah Parker','1991-10-20','16 Beverley Road, Hull, HU3 1XA',16,'Hull Royal Infirmary'),(17,'Dr. Jack Evans','1989-07-23','21 Redland Grove, Bristol, BS6 6AD',17,'Bristol Royal Infirmary'),(18,'Dr. Charlotte King','1993-08-22','4 Comely Bank Avenue, Edinburgh, EH4 1EN',18,'Western General Hospital'),(19,'Dr. Joshua Scott','1989-07-21','15 Perth Road, Dundee, DD1 4JX',19,'Ninewells Hospital'),(20,'Dr. Sarah Morgan','1970-10-13','10 Lenton Boulevard, Nottingham, NG7 2BY',20,'Queen\"s Medical Centre'),(21,'Dr. Alice Bell','1972-11-04','5 Belsize Park Gardens, London, NW3 4JG',21,'Royal Free Hospital'),(22,'Dr. Samuel White','1979-01-05','33 High Heaton Road, Newcastle upon Tyne, NE7 7QA',22,'Freeman Hospital'),(23,'Dr. Benjamin Harris','1977-09-13','27 Alexandra Parade, Glasgow, G31 2BT',23,'Glasgow Royal Infirmary'),(24,'Dr. Amelia Martinez','1986-02-10','13 Sussex Square, Brighton, BN2 1FJ',24,'Royal Sussex County Hospital'),(25,'Dr. Ethan Cooper','1983-06-19','11 Trinity Road, London, SW17 7RH',25,'St. George\"s Hospital'),(26,'Dr. Natalie Mitchell','1988-01-10','19 Sale Road, Manchester, M23 0DX',26,'Wythenshawe Hospital'),(27,'Dr. Oliver Clark','1997-09-14','17 Clase Road, Swansea, SA6 8DY',27,'Morriston Hospital'),(28,'Dr. Mia Robinson','1992-11-23','22 Tavistock Road, Plymouth, PL6 5JD',28,'Derriford Hospital'),(29,'Dr. Lucas Moore','1975-02-25','8 Old Preston Road, Blackburn, BB2 4HH',29,'Royal Blackburn Hospital'),(30,'Dr. Sophia Allen','1996-05-06','14 Mandeville Road, Aylesbury, HP21 7HP',30,'Stoke Mandeville Hospital'),(31,'Dr. Noah Carter','1995-03-17','18 Nunthorpe Road, Middlesbrough, TS5 6DX',31,'James Cook University Hospital'),(32,'Dr. Ava Morgan','1985-03-18','20 Cornhill Terrace, Aberdeen, AB25 3DJ',32,'Aberdeen Royal Infirmary'),(33,'Dr. Henry King','1971-09-08','29 Langlands Road, Glasgow, G51 3AL',33,'Queen Elizabeth University Hosp'),(34,'Dr. Clara Mitchell','1996-09-04','12 Clifton Green, York, YO30 6LF',34,'York Hospital'),(35,'Dr. Victoria Gray','1983-11-16','16 Mickleover Lane, Derby, DE22 4AA',35,'Royal Derby Hospital'),(36,'Dr. Patrick Smith','1970-03-28','7 Oldbrook Boulevard, Milton Keynes, MK6 4BB',36,'Milton Keynes University Hosp'),(37,'Dr. Daniel Harris','1988-01-15','9 Henleaze Road, Bristol, BS9 4ER',37,'Southmead Hospital'),(38,'Dr. Ella Roberts','1970-04-06','18 Lindfield Road, Haywards Heath, RH16 2EQ',38,'Princess Royal Hospital'),(39,'Dr. Benjamin Lewis','1990-07-06','25 Highertown Crescent, Truro, TR1 2XY',39,'Royal Cornwall Hospital'),(40,'Dr. Elizabeth Scott','1977-02-06','13 Lewsey Road, Luton, LU4 0HZ',40,'Luton and Dunstable Hospital'),(41,'Dr. Oliver Walker','1984-05-09','901 Station Street, London, DE6 3CC',1,'Royal London Hospital'),(42,'Dr. Lily Collins','1984-07-20','326 Station Street, Manchester, CD1 3CC',2,'Manchester Royal Infirmary'),(43,'Dr. Ethan Mitchell','1982-05-16','842 Elm Street, London, AB5 6CC',3,'St. Thomas\" Hospital'),(44,'Dr. Sophie Bell','1996-02-08','672 Market Street, Birmingham, DE3 2BB',4,'Birmingham City Hospital'),(45,'Dr. George Green','1977-09-07','271 High Street, Cambridge, DE9 6AA',5,'Addenbrooke\"s Hospital'),(46,'Dr. Jack Turner','1978-03-27','970 Maple Street, London, AB1 6CC',6,'Great Ormond Street Hospital'),(47,'Dr. Olivia Evans','1974-03-19','62 Main Street, Southampton, EF2 4AA',7,'University Hospital Southampton'),(48,'Dr. Zachary Clark','1973-01-06','113 Church Street, Newcastle, CD9 7AA',8,'Royal Victoria Infirmary'),(49,'Dr. Leah Robinson','1977-09-19','760 Maple Street, Birmingham, BC2 7AA',9,'Queen Elizabeth Hospital'),(50,'Dr. Samuel Williams','1982-07-26','762 High Street, Norwich, CD1 6CC',10,'Norfolk and Norwich Hospital'),(51,'Dr. Isla Phillips','1998-08-22','338 Elm Street, Leeds, EF6 3BB',11,'Leeds General Infirmary'),(52,'Dr. Nathaniel Davis','1991-02-27','897 Market Street, London, AB6 5BB',12,'Guy\"s Hospital'),(53,'Dr. Abigail James','1993-02-23','382 Park Street, London, AB9 2BB',13,'Charing Cross Hospital'),(54,'Dr. Hugo White','1982-05-01','640 Main Street, Oxford, DE7 3AA',14,'John Radcliffe Hospital'),(55,'Dr. Olivia Phillips','1974-07-09','903 Church Street, London, AB4 1BB',15,'Kings College Hospital'),(56,'Dr. William Adams','1977-06-05','622 Maple Street, Hull, AB5 1CC',16,'Hull Royal Infirmary'),(57,'Dr. Lucy Wright','1986-06-03','321 Market Street, Bristol, DE8 8CC',17,'Bristol Royal Infirmary'),(58,'Dr. Marcus Clark','1992-07-28','317 Station Street, Edinburgh, DE8 8BB',18,'Western General Hospital'),(59,'Dr. Amelia Grant','1988-02-21','165 Main Street, Dundee, EF8 3AA',19,'Ninewells Hospital'),(60,'Dr. Richard Cooper','1988-12-04','470 Oak Street, Nottingham, AB8 5CC',20,'Queen\"s Medical Centre'),(61,'Dr. Matthew Bell','1980-09-22','188 Broad Street, London, BC6 2BB',21,'Royal Free Hospital'),(62,'Dr. Sophie Turner','1988-12-11','333 Elm Street, Newcastle, DE4 7AA',22,'Freeman Hospital'),(63,'Dr. Joshua White','1990-12-03','263 Main Street, Glasgow, BC2 4AA',23,'Glasgow Royal Infirmary'),(64,'Dr. Daniel Lee','1983-09-09','719 High Street, Brighton, EF1 2CC',24,'Royal Sussex County Hospital'),(65,'Dr. Grace Morris','1997-01-12','955 Park Street, London, AB8 6CC',25,'St. George\"s Hospital'),(66,'Dr. James Hughes','1989-01-12','997 Church Street, Manchester, AB3 1BB',26,'Wythenshawe Hospital'),(67,'Dr. Emily Collins','1972-11-24','360 Maple Street, Swansea, AB2 2BB',27,'Morriston Hospital'),(68,'Dr. Sophia Parker','1986-08-07','899 Broad Street, Plymouth, DE2 4BB',28,'Derriford Hospital'),(69,'Dr. Nathan Roberts','1976-07-04','597 Broad Street, Blackburn, AB7 6BB',29,'Royal Blackburn Hospital'),(70,'Dr. Max Evans','1993-12-28','442 Maple Street, Aylesbury, DE1 8CC',30,'Stoke Mandeville Hospital'),(71,'Dr. Thomas Harris','1994-07-19','306 Church Street, Middlesbrough, DE9 2BB',31,'James Cook University Hospital'),(72,'Dr. Isabelle Moore','1978-03-13','829 Park Street, Aberdeen, EF4 5CC',32,'Aberdeen Royal Infirmary'),(73,'Dr. Max Wilson','1977-02-19','572 High Street, Glasgow, EF5 8CC',33,'Queen Elizabeth University Hosp'),(74,'Dr. Rachel Lee','1971-08-17','702 Market Street, York, DE8 2BB',34,'York Hospital'),(75,'Dr. Sophia Grant','1982-04-24','399 Station Street, Derby, BC2 6BB',35,'Royal Derby Hospital'),(76,'Dr. John Murphy','1987-10-20','709 Elm Street, Milton Keynes, BC4 7CC',36,'Milton Keynes University Hosp'),(77,'Dr. Lily Harris','1984-04-13','759 Church Street, Bristol, EF8 2BB',37,'Southmead Hospital'),(78,'Dr. Samuel Carter','1998-03-02','796 Maple Street, Haywards Heath, CD3 7AA',38,'Princess Royal Hospital'),(79,'Dr. Zoe Adams','1978-09-03','596 Oak Street, Truro, EF7 5AA',39,'Royal Cornwall Hospital'),(80,'Dr. Emma White','1971-06-13','246 Market Street, Luton, DE2 7BB',40,'Luton and Dunstable Hospital'),(81,'Dr. Daniel Cooper','1996-08-17','22 Oak Street, London, CD1 2BB',1,'Royal London Hospital'),(82,'Dr. Jack Thompson','1974-11-11','730 Broad Street, Manchester, BC7 6AA',2,'Manchester Royal Infirmary'),(83,'Dr. Isabelle Clark','1981-01-10','160 Park Street, London, DE8 4AA',3,'St. Thomas\" Hospital'),(84,'Dr. George Carter','1977-04-23','437 Station Street, Birmingham, BC4 4AA',4,'Birmingham City Hospital'),(85,'Dr. Emma Young','1998-09-11','968 Oak Street, Cambridge, DE1 3AA',5,'Addenbrooke\"s Hospital'),(86,'Dr. Lucas Bell','1970-03-16','408 Market Street, London, EF1 2CC',6,'Great Ormond Street Hospital'),(87,'Dr. Benjamin Scott','1996-06-02','615 Maple Street, Southampton, CD3 5AA',7,'University Hospital Southampton'),(88,'Dr. Charlotte Green','1989-02-04','477 Broad Street, Newcastle, AB3 7CC',8,'Royal Victoria Infirmary'),(89,'Dr. Joshua Mitchell','1994-06-16','955 Market Street, Birmingham, DE5 5BB',9,'Queen Elizabeth Hospital'),(90,'Dr. Abigail Bell','1993-08-18','67 Maple Street, Norwich, EF6 6CC',10,'Norfolk and Norwich Hospital'),(91,'Dr. Harry Wilson','1984-10-14','710 Elm Street, Leeds, BC3 9BB',11,'Leeds General Infirmary'),(92,'Dr. Natalie Evans','1972-08-14','674 High Street, London, EF5 4BB',12,'Guy\"s Hospital'),(93,'Dr. George Robinson','1992-05-10','463 Market Street, London, AB7 7BB',13,'Charing Cross Hospital'),(94,'Dr. Hannah King','1979-10-13','643 Elm Street, Oxford, CD6 7BB',14,'John Radcliffe Hospital'),(95,'Dr. William Allen','1991-09-04','108 Maple Street, London, AB5 4CC',15,'Kings College Hospital'),(96,'Dr. Samuel Walker','1979-07-11','330 Main Street, Hull, DE7 5BB',16,'Hull Royal Infirmary'),(97,'Dr. Laura Clark','1984-07-17','432 Church Street, Bristol, BC5 5CC',17,'Bristol Royal Infirmary'),(98,'Dr. Victoria Adams','1995-04-10','922 Elm Street, Edinburgh, DE3 9AA',18,'Western General Hospital'),(99,'Dr. Ethan Clark','1995-08-09','848 Church Street, Dundee, BC8 6CC',19,'Ninewells Hospital'),(100,'Dr. Olivia Roberts','1993-06-20','342 Broad Street, Nottingham, DE7 5CC',20,'Queen\"s Medical Centre');
/*!40000 ALTER TABLE `doctors` ENABLE KEYS */;
UNLOCK TABLES;

--
-- Table structure for table `hospitals`
--

DROP TABLE IF EXISTS `hospitals`;
/*!40101 SET @saved_cs_client     = @@character_set_client */;
/*!50503 SET character_set_client = utf8mb4 */;
CREATE TABLE `hospitals` (
  `Hospital_ID` int unsigned NOT NULL AUTO_INCREMENT,
  `Hospital_Name` varchar(150) NOT NULL,
  `Address` varchar(150) NOT NULL,
  `Size` int NOT NULL,
  `Type` varchar(150) NOT NULL,
  `Emergency_Services` varchar(150) NOT NULL,
  `Year_of_Accreditation` int NOT NULL,
  PRIMARY KEY (`Hospital_ID`)
) ENGINE=InnoDB AUTO_INCREMENT=41 DEFAULT CHARSET=utf8mb4 COLLATE=utf8mb4_0900_ai_ci;
/*!40101 SET character_set_client = @saved_cs_client */;

--
-- Dumping data for table `hospitals`
--

LOCK TABLES `hospitals` WRITE;
/*!40000 ALTER TABLE `hospitals` DISABLE KEYS */;
INSERT INTO `hospitals` VALUES (1,'Royal London Hospital','Whitechapel Rd, London E1 1BB',720,'General','Yes',2015),(2,'Manchester Royal Infirmary','Oxford Rd, Manchester M13 9WL',750,'Teaching','Yes',2016),(3,'St. Thomas\' Hospital','Westminster Bridge Rd, London SE1 7EH',840,'General','No',2014),(4,'Birmingham City Hospital','Dudley Rd, Birmingham B18 7QH',580,'General','Yes',2013),(5,'Addenbrooke\'s Hospital','Hills Rd, Cambridge CB2 0QQ',1000,'Teaching','Yes',2017),(6,'Great Ormond Street Hospital','Great Ormond St, London WC1N 3JH',389,'Children\'s','No',2016),(7,'University Hospital Southampton','Tremona Rd, Southampton SO16 6YD',1100,'Teaching','Yes',2018),(8,'Royal Victoria Infirmary','Queen Victoria Rd, Newcastle NE1 4LP',580,'General','Yes',2015),(9,'Queen Elizabeth Hospital','Mindelsohn Way, Birmingham B15 2GW',1200,'General','Yes',2017),(10,'Norfolk and Norwich Hospital','Colney Ln, Norwich NR4 7UY',1000,'General','No',2014),(11,'Leeds General Infirmary','Great George St, Leeds LS1 3EX',850,'General','Yes',2019),(12,'Guy\'s Hospital','Great Maze Pond, London SE1 9RT',400,'Specialist','No',2016),(13,'Charing Cross Hospital','Fulham Palace Rd, London W6 8RF',511,'Teaching','Yes',2017),(14,'John Radcliffe Hospital','Headley Way, Oxford OX3 9DU',950,'Teaching','Yes',2013),(15,'Kings College Hospital','Denmark Hill, London SE5 9RS',1200,'Teaching','No',2015),(16,'Hull Royal Infirmary','Anlaby Rd, Hull HU3 2JZ',650,'General','Yes',2018),(17,'Bristol Royal Infirmary','Upper Maudlin St, Bristol BS2 8HW',677,'General','No',2016),(18,'Western General Hospital','Crewe Rd S, Edinburgh EH4 2XU',600,'General','Yes',2019),(19,'Ninewells Hospital','Dundee DD2 1SY',900,'Teaching','Yes',2017),(20,'Queen\'s Medical Centre','Derby Rd, Nottingham NG7 2UH',1300,'Teaching','Yes',2014),(21,'Royal Free Hospital','Pond St, London NW3 2QG',500,'General','No',2016),(22,'Freeman Hospital','Freeman Rd, Newcastle NE7 7DN',800,'Specialist','Yes',2013),(23,'Glasgow Royal Infirmary','Castle St, Glasgow G4 0SF',1000,'General','Yes',2018),(24,'Royal Sussex County Hospital','Eastern Rd, Brighton BN2 5BE',600,'General','No',2019),(25,'St. George\'s Hospital','Blackshaw Rd, London SW17 0QT',1300,'Teaching','Yes',2015),(26,'Wythenshawe Hospital','Southmoor Rd, Manchester M23 9LT',900,'Teaching','Yes',2017),(27,'Morriston Hospital','Heol Maes Eglwys, Swansea SA6 6NL',750,'General','No',2014),(28,'Derriford Hospital','Derriford Rd, Plymouth PL6 8DH',1000,'General','Yes',2016),(29,'Royal Blackburn Hospital','Haslingden Rd, Blackburn BB2 3HH',700,'General','No',2015),(30,'Stoke Mandeville Hospital','Mandeville Rd, Aylesbury HP21 8AL',550,'Specialist','Yes',2013),(31,'James Cook University Hospital','Marton Rd, Middlesbrough TS4 3BW',1000,'Teaching','Yes',2019),(32,'Aberdeen Royal Infirmary','Foresterhill, Aberdeen AB25 2ZN',900,'General','Yes',2018),(33,'Queen Elizabeth University Hosp','Govan Rd, Glasgow G51 4TF',1700,'Teaching','Yes',2017),(34,'York Hospital','Wigginton Rd, York YO31 8HE',700,'General','No',2016),(35,'Royal Derby Hospital','Uttoxeter Rd, Derby DE22 3NE',1200,'General','Yes',2015),(36,'Milton Keynes University Hosp','Standing Way, Milton Keynes MK6 5LD',500,'General','Yes',2019),(37,'Southmead Hospital','Southmead Rd, Bristol BS10 5NB',1000,'General','Yes',2018),(38,'Princess Royal Hospital','Lewes Rd, Haywards Heath RH16 4EX',550,'General','No',2014),(39,'Royal Cornwall Hospital','Truro, Cornwall TR1 3LJ',1000,'General','Yes',2016),(40,'Luton and Dunstable Hospital','Lewsey Rd, Luton LU4 0DZ',700,'General','Yes',2017);
/*!40000 ALTER TABLE `hospitals` ENABLE KEYS */;
UNLOCK TABLES;

--
-- Table structure for table `labresults`
--

DROP TABLE IF EXISTS `labresults`;
/*!40101 SET @saved_cs_client     = @@character_set_client */;
/*!50503 SET character_set_client = utf8mb4 */;
CREATE TABLE `labresults` (
  `Lab_Result_ID` int unsigned NOT NULL AUTO_INCREMENT,
  `Patient_ID` int unsigned NOT NULL,
  `Test_Type` varchar(150) NOT NULL,
  `Test_Date` date NOT NULL,
  `Doctor_ID` int unsigned NOT NULL,
  `Doctor_Name` varchar(150) NOT NULL,
  `Hospital_ID` int unsigned NOT NULL,
  `Hospital_Name` varchar(150) NOT NULL,
  `Test_Result` varchar(150) NOT NULL,
  PRIMARY KEY (`Lab_Result_ID`),
  KEY `Patient_ID` (`Patient_ID`),
  KEY `Doctor_ID` (`Doctor_ID`),
  KEY `Hospital_ID` (`Hospital_ID`),
  CONSTRAINT `labresults_ibfk_1` FOREIGN KEY (`Patient_ID`) REFERENCES `patients` (`Patient_ID`),
  CONSTRAINT `labresults_ibfk_2` FOREIGN KEY (`Doctor_ID`) REFERENCES `doctors` (`Doctor_ID`),
  CONSTRAINT `labresults_ibfk_3` FOREIGN KEY (`Hospital_ID`) REFERENCES `hospitals` (`Hospital_ID`)
) ENGINE=InnoDB AUTO_INCREMENT=51 DEFAULT CHARSET=utf8mb4 COLLATE=utf8mb4_0900_ai_ci;
/*!40101 SET character_set_client = @saved_cs_client */;

--
-- Dumping data for table `labresults`
--

LOCK TABLES `labresults` WRITE;
/*!40000 ALTER TABLE `labresults` DISABLE KEYS */;
INSERT INTO `labresults` VALUES (1,271,'Blood Test','2023-06-05',71,'Dr. Thomas Harris',31,'James Cook University Hospital','Normal'),(2,156,'Urine Test','2024-06-15',56,'Dr. William Adams',16,'Hull Royal Infirmary','Abnormal'),(3,447,'X-ray','2024-03-03',47,'Dr. Olivia Evans',7,'University Hospital Southampton','Normal'),(4,117,'CT Scan','2024-06-05',17,'Dr. Jack Evans',17,'Bristol Royal Infirmary','Normal'),(5,26,'MRI Scan','2024-04-13',26,'Dr. Natalie Mitchell',26,'Wythenshawe Hospital','Abnormal'),(6,122,'Ultrasound','2024-01-22',22,'Dr. Samuel White',22,'Freeman Hospital','Normal'),(7,53,'Electrocardiogram','2023-06-06',53,'Dr. Abigail James',13,'Charing Cross Hospital','Abnormal'),(8,495,'Chest X-ray','2024-09-15',95,'Dr. William Allen',15,'Kings College Hospital','Abnormal'),(9,304,'Liver Function Test','2023-05-28',4,'Dr. Daniel Lewis',4,'Birmingham City Hospital','Abnormal'),(10,36,'Kidney Function Test','2024-12-08',36,'Dr. Patrick Smith',36,'Milton Keynes University Hosp','Normal'),(11,400,'Complete Blood Count (CBC)','2024-05-06',100,'Dr. Olivia Roberts',20,'Queen\'s Medical Centre','Normal'),(12,276,'Blood Culture','2023-04-05',76,'Dr. John Murphy',36,'Milton Keynes University Hosp','Normal'),(13,303,'Thyroid Function Test','2024-04-06',3,'Dr. Sophia Walker',3,'St. Thomas\' Hospital','Normal'),(14,408,'Lipid Profile','2023-06-26',8,'Dr. William Scott',8,'Royal Victoria Infirmary','Abnormal'),(15,132,'Hemoglobin A1C Test','2023-01-07',32,'Dr. Ava Morgan',32,'Aberdeen Royal Infirmary','Normal'),(16,244,'Prostate-Specific Antigen (PSA)','2024-11-24',44,'Dr. Sophie Bell',4,'Birmingham City Hospital','Abnormal'),(17,390,'Pregnancy Test','2023-11-23',90,'Dr. Abigail Bell',10,'Norfolk and Norwich Hospital','Normal'),(18,482,'Urinalysis','2024-05-13',82,'Dr. Jack Thompson',2,'Manchester Royal Infirmary','Normal'),(19,181,'Blood Gas Test','2023-12-13',81,'Dr. Daniel Cooper',1,'Royal London Hospital','Normal'),(20,465,'Stool Test','2023-01-19',65,'Dr. Grace Morris',25,'St. George\'s Hospital','Abnormal'),(21,511,'Blood Clotting Test','2024-09-16',11,'Dr. Lucas Green',11,'Leeds General Infirmary','Abnormal'),(22,339,'HIV Test','2024-06-05',39,'Dr. Benjamin Lewis',39,'Royal Cornwall Hospital','Normal'),(23,542,'Hepatitis B Test','2024-05-27',42,'Dr. Lily Collins',2,'Manchester Royal Infirmary','Abnormal'),(24,499,'Hepatitis C Test','2023-12-24',99,'Dr. Ethan Clark',19,'Ninewells Hospital','Abnormal'),(25,376,'Vitamin D Test','2024-09-13',76,'Dr. John Murphy',36,'Milton Keynes University Hosp','Abnormal'),(26,347,'Iron Studies','2024-02-01',47,'Dr. Olivia Evans',7,'University Hospital Southampton','Abnormal'),(27,365,'Cholesterol Test','2023-07-19',65,'Dr. Grace Morris',25,'St. George\'s Hospital','Normal'),(28,533,'Calcium Test','2023-08-25',33,'Dr. Henry King',33,'Queen Elizabeth University Hosp','Normal'),(29,243,'BUN (Blood Urea Nitrogen) Test','2024-02-08',43,'Dr. Ethan Mitchell',3,'St. Thomas\' Hospital','Normal'),(30,280,'Creatinine Test','2023-09-23',80,'Dr. Emma White',40,'Luton and Dunstable Hospital','Normal'),(31,5,'C-reactive Protein (CRP) Test','2024-06-09',5,'Dr. Jack Wilson',5,'Addenbrooke\'s Hospital','Normal'),(32,400,'Bone Density Test','2023-11-25',100,'Dr. Olivia Roberts',20,'Queen\'s Medical Centre','Normal'),(33,243,'Pulmonary Function Test','2023-01-28',43,'Dr. Ethan Mitchell',3,'St. Thomas\' Hospital','Abnormal'),(34,555,'Lung Function Test','2023-04-02',55,'Dr. Olivia Phillips',15,'Kings College Hospital','Abnormal'),(35,576,'Allergy Test','2024-05-05',76,'Dr. John Murphy',36,'Milton Keynes University Hosp','Normal'),(36,32,'Amylase Test','2023-08-27',32,'Dr. Ava Morgan',32,'Aberdeen Royal Infirmary','Abnormal'),(37,10,'Lipase Test','2023-11-04',10,'Dr. Emma Thompson',10,'Norfolk and Norwich Hospital','Normal'),(38,532,'D-dimer Test','2024-11-25',32,'Dr. Ava Morgan',32,'Aberdeen Royal Infirmary','Normal'),(39,249,'Tuberculosis (TB) Test','2024-05-28',49,'Dr. Leah Robinson',9,'Queen Elizabeth Hospital','Abnormal'),(40,71,'Viral Load Test','2024-08-09',71,'Dr. Thomas Harris',31,'James Cook University Hospital','Abnormal'),(41,290,'Pap Smear','2023-12-11',90,'Dr. Abigail Bell',10,'Norfolk and Norwich Hospital','Abnormal'),(42,536,'STD Screening','2023-09-16',36,'Dr. Patrick Smith',36,'Milton Keynes University Hosp','Abnormal'),(43,96,'Mental Health Screening','2024-06-26',96,'Dr. Samuel Walker',16,'Hull Royal Infirmary','Abnormal'),(44,113,'Glucose Tolerance Test','2023-02-09',13,'Dr. Michael Adams',13,'Charing Cross Hospital','Abnormal'),(45,267,'Sputum Test','2023-06-09',67,'Dr. Emily Collins',27,'Morriston Hospital','Normal'),(46,552,'Electrolyte Panel','2024-05-03',52,'Dr. Nathaniel Davis',12,'Guy\'s Hospital','Abnormal'),(47,278,'Blood Sugar Test','2024-08-16',78,'Dr. Samuel Carter',38,'Princess Royal Hospital','Normal'),(48,114,'Homocysteine Test','2023-12-05',14,'Dr. Lily Roberts',14,'John Radcliffe Hospital','Abnormal'),(49,433,'Thrombophilia Testing','2023-02-14',33,'Dr. Henry King',33,'Queen Elizabeth University Hosp','Abnormal'),(50,381,'Urine Dip','2024-11-24',81,'Dr. Daniel Cooper',1,'Royal London Hospital','Normal');
/*!40000 ALTER TABLE `labresults` ENABLE KEYS */;
UNLOCK TABLES;

--
-- Table structure for table `medications`
--

DROP TABLE IF EXISTS `medications`;
/*!40101 SET @saved_cs_client     = @@character_set_client */;
/*!50503 SET character_set_client = utf8mb4 */;
CREATE TABLE `medications` (
  `Medication_ID` int unsigned NOT NULL AUTO_INCREMENT,
  `Medication_Name` varchar(150) NOT NULL,
  PRIMARY KEY (`Medication_ID`)
) ENGINE=InnoDB AUTO_INCREMENT=101 DEFAULT CHARSET=utf8mb4 COLLATE=utf8mb4_0900_ai_ci;
/*!40101 SET character_set_client = @saved_cs_client */;

--
-- Dumping data for table `medications`
--

LOCK TABLES `medications` WRITE;
/*!40000 ALTER TABLE `medications` DISABLE KEYS */;
INSERT INTO `medications` VALUES (1,'Aspirin'),(2,'Ibuprofen'),(3,'Paracetamol'),(4,'Amoxicillin'),(5,'Metformin'),(6,'Lisinopril'),(7,'Atorvastatin'),(8,'Prednisone'),(9,'Sertraline'),(10,'Omeprazole'),(11,'Amlodipine'),(12,'Alprazolam'),(13,'Simvastatin'),(14,'Ciprofloxacin'),(15,'Losartan'),(16,'Furosemide'),(17,'Gabapentin'),(18,'Lorazepam'),(19,'Hydrochlorothiazide'),(20,'Trazodone'),(21,'Fentanyl'),(22,'Citalopram'),(23,'Fluoxetine'),(24,'Carbamazepine'),(25,'Hydrocodone'),(26,'Clonazepam'),(27,'Bupropion'),(28,'Doxycycline'),(29,'Zolpidem'),(30,'Clopidogrel'),(31,'Loratadine'),(32,'Rosuvastatin'),(33,'Lamotrigine'),(34,'Sumatriptan'),(35,'Tiotropium'),(36,'Alendronate'),(37,'Diazepam'),(38,'Levodopa'),(39,'Allopurinol'),(40,'Methotrexate'),(41,'Gluten Free Diet'),(42,'Rifampicin'),(43,'Antiretroviral Therapy'),(44,'Iron Supplements'),(45,'Hydroxyurea'),(46,'Tretinoin'),(47,'Iron Supplements'),(48,'Appendectomy'),(49,'Albuterol'),(50,'Metronidazole'),(51,'Cryotherapy'),(52,'Nitrofurantoin'),(53,'Albuterol'),(54,'Antidepressants'),(55,'Lisinopril'),(56,'Liver Transplant'),(57,'Chemotherapy'),(58,'Azithromycin'),(59,'Chloramphenicol'),(60,'Compression Stockings'),(61,'Remdesivir'),(62,'Dornase alfa'),(63,'Paracetamol'),(64,'Fluoxetine'),(65,'Gabapentin'),(66,'Hydrocortisone'),(67,'Valproate'),(68,'Clotrimazole'),(69,'Omeprazole'),(70,'Colchicine'),(71,'Cetirizine'),(72,'Aspirin'),(73,'Tenofovir'),(74,'Sofosbuvir'),(75,'Ibuprofen'),(76,'Lisinopril'),(77,'Methimazole'),(78,'Oseltamivir'),(79,'Loperamide'),(80,'Fluconazole'),(81,'Chemotherapy'),(82,'Hydroxychloroquine'),(83,'Chloroquine'),(84,'Estrogen'),(85,'Sumatriptan'),(86,'Interferon'),(87,'Acetaminophen'),(88,'Alendronate'),(89,'Amoxicillin'),(90,'Calcipotriene'),(91,'Methotrexate'),(92,'Permethrin'),(93,'Olanzapine'),(94,'Acyclovir'),(95,'CPAP Therapy'),(96,'Omeprazole'),(97,'Tissue Plasminogen Activator'),(98,'Rifampin'),(99,'Amoxicillin'),(100,'Trimethoprim');
/*!40000 ALTER TABLE `medications` ENABLE KEYS */;
UNLOCK TABLES;

--
-- Table structure for table `patients`
--

DROP TABLE IF EXISTS `patients`;
/*!40101 SET @saved_cs_client     = @@character_set_client */;
/*!50503 SET character_set_client = utf8mb4 */;
CREATE TABLE `patients` (
  `Patient_ID` int unsigned NOT NULL AUTO_INCREMENT,
  `Patient_Name` varchar(150) NOT NULL,
  `DOB` date NOT NULL,
  `Address` varchar(150) NOT NULL,
  `Doctor_ID` int unsigned NOT NULL,
  `Doctors_Name` varchar(150) NOT NULL,
  PRIMARY KEY (`Patient_ID`),
  KEY `Doctor_ID` (`Doctor_ID`),
  CONSTRAINT `patients_ibfk_1` FOREIGN KEY (`Doctor_ID`) REFERENCES `doctors` (`Doctor_ID`)
) ENGINE=InnoDB AUTO_INCREMENT=602 DEFAULT CHARSET=utf8mb4 COLLATE=utf8mb4_0900_ai_ci;
/*!40101 SET character_set_client = @saved_cs_client */;

--
-- Dumping data for table `patients`
--

LOCK TABLES `patients` WRITE;
/*!40000 ALTER TABLE `patients` DISABLE KEYS */;
INSERT INTO `patients` VALUES (1,'Howard Sims','2016-06-06','15 Aldgate Street, London, E1 2AN',1,'Dr. Olivia Harris'),(2,'Robert Metcalfe','1975-04-27','50 Piccadilly Lane, Manchester, M1 3 ND',2,'Dr. James Bennett'),(3,'Miss Joanne Pearce','1979-10-01','80 Lambeth Road, London, SE1 6HR',3,'Dr. Sophia Walker'),(4,'Holly Austin','1944-11-11','45 Harborne Lane, Birmingham, B29 6SP',4,'Dr. Daniel Lewis'),(5,'Ms Jill Hargreaves','1970-08-27','22 Chesterton Road, Cambridge, CB4 3AN',5,'Dr. Jack Wilson'),(6,'Maria Bolton','1944-04-07','35 Bloomsbury Square, London, WC1A 2RP',6,'Dr. Ava Clarke'),(7,'Paul Brown-Hunter','2002-06-01','12 Hill Lane, Southampton, SO15 5AA',7,'Dr. Emily Turner'),(8,'Chelsea Jones','1981-09-20','65 Jesmond Road, Newcastle, NE2 4LA',8,'Dr. William Scott'),(9,'Mr Jeffrey Green','1988-10-07','30 Calthorpe Road, Birmingham, B15 3TT',9,'Dr. Jacob Moore'),(10,'Joanne Edwards','1976-01-18','18 St. Stephen\'s Road, Norwich, NR1 3RE',10,'Dr. Emma Thompson'),(11,'Dr Karl Carter','1993-10-20','20 Headingley Lane, Leeds, LS6 2AY',11,'Dr. Lucas Green'),(12,'Miss Ann Jackson','1959-09-23','10 Borough High Street, London, SE1 1BL',12,'Dr. Isla Carter'),(13,'Dr Natasha Smith','1950-10-19','28 Brook Green, London, W6 7BE',13,'Dr. Michael Adams'),(14,'Dr Scott Williamson','1990-07-09','12 Old Road, Oxford, OX3 8SX',14,'Dr. Lily Roberts'),(15,'Dr Patrick Ellis','1945-02-09','40 Camberwell New Road, London, SE5 0RS',15,'Dr. Matthew Young'),(16,'Lee Vaughan','1952-10-19','22 Spring Bank, Hull, HU3 1AB',16,'Dr. Hannah Parker'),(17,'Philip Hall','1968-08-11','25 Clifton Hill, Bristol, BS8 1BX',17,'Dr. Jack Evans'),(18,'Amanda Sharp-Gardner','2000-01-15','6 Learmonth Terrace, Edinburgh, EH4 1PF',18,'Dr. Charlotte King'),(19,'Dr Stuart Kelly','2023-05-14','10 Hawkhill, Dundee, DD1 5DH',19,'Dr. Joshua Scott'),(20,'Rachael Atkinson-Clark','2022-08-09','14 Beeston Road, Nottingham, NG7 2ER',20,'Dr. Sarah Morgan'),(21,'Gareth Parker-Clarke','1955-07-27','8 Swiss Cottage Avenue, London, NW3 6DP',21,'Dr. Alice Bell'),(22,'Charles Evans','1977-08-04','36 Benton Road, Newcastle, NE7 7EF',22,'Dr. Samuel White'),(23,'Edward Brooks-White','1954-04-09','29 Cathedral Street, Glasgow, G4 0QH',23,'Dr. Benjamin Harris'),(24,'Hugh Williams','1966-08-23','15 Marine Parade, Brighton, BN2 1TL',24,'Dr. Amelia Martinez'),(25,'Mrs Jennifer Fraser','2004-07-09','18 Balham High Road, London, SW17 9AP',25,'Dr. Ethan Cooper'),(26,'Hollie Dixon','1979-08-08','23 Northenden Road, Manchester, M22 4JG',26,'Dr. Natalie Mitchell'),(27,'Naomi French-Joyce','1986-10-10','19 Birchgrove Road, Swansea, SA7 9HE',27,'Dr. Oliver Clark'),(28,'Barry Webb-Ashton','2009-02-20','30 Efford Road, Plymouth, PL3 6ND',28,'Dr. Mia Robinson'),(29,'Dr Jake Richardson','1975-09-11','10 Livesey Branch Road, Blackburn, BB2 4QL',29,'Dr. Lucas Moore'),(30,'Jason Jones','1947-01-02','16 Elmhurst Road, Aylesbury, HP20 2AN',30,'Dr. Sophia Allen'),(31,'Ms Sharon Howe','1954-07-20','20 Acklam Road, Middlesbrough, TS5 7BF',31,'Dr. Noah Carter'),(32,'Kenneth Duncan','1986-04-15','18 King Street, Aberdeen, AB24 5SS',32,'Dr. Ava Morgan'),(33,'Harry Fox','1965-04-24','32 Broomloan Road, Glasgow, G51 2JW',33,'Dr. Henry King'),(34,'Elliott Wyatt','1970-03-13','10 Bootham, York, YO30 7BL',34,'Dr. Clara Mitchell'),(35,'Callum Bibi','1993-02-16','14 Allestree Lane, Derby, DE22 2NB',35,'Dr. Victoria Gray'),(36,'Miss Lynda King','1959-04-22','5 Bradwell Road, Milton Keynes, MK13 9AX',36,'Dr. Patrick Smith'),(37,'Ms Aimee Jones','1966-02-20','11 Westbury Park, Bristol, BS6 7AW',37,'Dr. Daniel Harris'),(38,'Kimberley Wright','2022-01-26','20 Heath Road, Haywards Heath, RH16 3DT',38,'Dr. Ella Roberts'),(39,'Mrs Kim Lynch','2001-01-20','30 Penair Crescent, Truro, TR1 1YZ',39,'Dr. Benjamin Lewis'),(40,'Philip Kirby','1941-01-04','15 Farley Hill, Luton, LU1 5EB',40,'Dr. Elizabeth Scott'),(41,'Shirley Murphy','1951-10-24','15 Aldgate Street, London, E1 2AN',41,'Dr. Oliver Walker'),(42,'Thomas Dale','1940-09-20','50 Piccadilly Lane, Manchester, M1 3ND',42,'Dr. Lily Collins'),(43,'Kim Moss-Arnold','2015-07-02','80 Lambeth Road, London, SE1 6HR',43,'Dr. Ethan Mitchell'),(44,'Olivia Campbell','1990-03-03','45 Harborne Lane, Birmingham, B29 6SP',44,'Dr. Sophie Bell'),(45,'Leonard Buckley-Lyons','1977-04-15','22 Chesterton Road, Cambridge, CB4 3AN',45,'Dr. George Green'),(46,'Claire Walker','2021-09-03','35 Bloomsbury Square, London, WC1A 2RP',46,'Dr. Jack Turner'),(47,'Dr James Hall','2023-06-22','12 Hill Lane, Southampton, SO15 5AA',47,'Dr. Olivia Evans'),(48,'Jasmine Pritchard-Hartley','2001-12-02','65 Jesmond Road, Newcastle, NE2 4LA',48,'Dr. Zachary Clark'),(49,'William Ford','2019-10-18','30 Calthorpe Road, Birmingham, B15 3TT',49,'Dr. Leah Robinson'),(50,'Ms Melanie Jones','1945-07-02','18 St. Stephen\'s Road, Norwich, NR1 3RE',50,'Dr. Samuel Williams'),(51,'Carl Richards','2018-04-06','20 Headingley Lane, Leeds, LS6 2AY',51,'Dr. Isla Phillips'),(52,'Michelle Webster','1979-01-18','10 Borough High Street, London, SE1 1BL',52,'Dr. Nathaniel Davis'),(53,'Abbie Wood','1950-07-13','28 Brook Green, London, W6 7BE',53,'Dr. Abigail James'),(54,'Dr Aaron Bates','2013-02-27','12 Old Road, Oxford, OX3 8SX',54,'Dr. Hugo White'),(55,'Ms Angela Owen','1940-12-12','40 Camberwell New Road, London, SE5 0RS',55,'Dr. Olivia Phillips'),(56,'Francesca Walsh','2007-12-15','22 Spring Bank, Hull, HU3 1AB',56,'Dr. William Adams'),(57,'Matthew Davies-Fuller','2013-01-05','25 Clifton Hill, Bristol, BS8 1BX',57,'Dr. Lucy Wright'),(58,'Elaine Quinn-Cook','1950-07-26','6 Learmonth Terrace, Edinburgh, EH4 1PF',58,'Dr. Marcus Clark'),(59,'Shane Barker-Graham','1944-07-16','10 Hawkhill, Dundee, DD1 5DH',59,'Dr. Amelia Grant'),(60,'Jamie Kelly-Walton','1977-01-17','14 Beeston Road, Nottingham, NG7 2ER',60,'Dr. Richard Cooper'),(61,'Linda Bray','1958-01-15','8 Swiss Cottage Avenue, London, NW3 6DP',61,'Dr. Matthew Bell'),(62,'Barbara Pickering-Barrett','1949-09-09','36 Benton Road, Newcastle, NE7 7EF',62,'Dr. Sophie Turner'),(63,'Mr Benjamin Smith','2009-03-12','29 Cathedral Street, Glasgow, G4 0QH',63,'Dr. Joshua White'),(64,'Fiona Simmons','1970-07-12','15 Marine Parade, Brighton, BN2 1TL',64,'Dr. Daniel Lee'),(65,'Kirsty Farrell-Freeman','2014-03-17','18 Balham High Road, London, SW17 9AP',65,'Dr. Grace Morris'),(66,'Mr Bradley Sullivan','2020-05-05','23 Northenden Road, Manchester, M22 4JG',66,'Dr. James Hughes'),(67,'Mr Jacob Stevens','2017-01-07','19 Birchgrove Road, Swansea, SA7 9HE',67,'Dr. Emily Collins'),(68,'Sara Kennedy-Lambert','1959-03-21','30 Efford Road, Plymouth, PL3 6ND',68,'Dr. Sophia Parker'),(69,'Kevin Leach','2001-10-21','10 Livesey Branch Road, Blackburn, BB2 4QL',69,'Dr. Nathan Roberts'),(70,'Miss Jennifer Woods','1977-04-08','16 Elmhurst Road, Aylesbury, HP20 2AN',70,'Dr. Max Evans'),(71,'Dr Darren Pearce','1987-02-02','20 Acklam Road, Middlesbrough, TS5 7BF',71,'Dr. Thomas Harris'),(72,'Sheila Marshall','1948-01-24','18 King Street, Aberdeen, AB24 5SS',72,'Dr. Isabelle Moore'),(73,'Martyn Carr','1959-02-23','32 Broomloan Road, Glasgow, G51 2JW',73,'Dr. Max Wilson'),(74,'Dr Michelle Harding','2003-07-19','10 Bootham, York, YO30 7BL',74,'Dr. Rachel Lee'),(75,'Mrs Joan Duffy','2012-08-02','14 Allestree Lane, Derby, DE22 2NB',75,'Dr. Sophia Grant'),(76,'Olivia Wells','1989-08-16','5 Bradwell Road, Milton Keynes, MK13 9AX',76,'Dr. John Murphy'),(77,'Dr Lawrence Kaur','1962-12-25','11 Westbury Park, Bristol, BS6 7AW',77,'Dr. Lily Harris'),(78,'Clifford Miller','1972-06-12','20 Heath Road, Haywards Heath, RH16 3DT',78,'Dr. Samuel Carter'),(79,'Jill Jones','1977-11-01','30 Penair Crescent, Truro, TR1 1YZ',79,'Dr. Zoe Adams'),(80,'Dr Reece Johnston','2009-11-05','15 Farley Hill, Luton, LU1 5EB',80,'Dr. Emma White'),(81,'Leon Parkes','2020-11-28','15 Aldgate Street, London, E1 2AN',81,'Dr. Daniel Cooper'),(82,'Mr Simon Miah','2004-08-24','50 Piccadilly Lane, Manchester, M1 3ND',82,'Dr. Jack Thompson'),(83,'Francesca Howells-Newman','1976-04-25','80 Lambeth Road, London, SE1 6HR',83,'Dr. Isabelle Clark'),(84,'Mr Kyle Chandler','1994-10-14','45 Harborne Lane, Birmingham, B29 6SP',84,'Dr. George Carter'),(85,'Adam Baldwin','1962-12-04','22 Chesterton Road, Cambridge, CB4 3AN',85,'Dr. Emma Young'),(86,'Dean Khan','1984-11-07','35 Bloomsbury Square, London, WC1A 2RP',86,'Dr. Lucas Bell'),(87,'Philip Scott','1994-02-12','12 Hill Lane, Southampton, SO15 5AA',87,'Dr. Benjamin Scott'),(88,'Mrs Joan Thomson','1959-07-04','65 Jesmond Road, Newcastle, NE2 4LA',88,'Dr. Charlotte Green'),(89,'Alice Hunt','2009-04-13','30 Calthorpe Road, Birmingham, B15 3TT',89,'Dr. Joshua Mitchell'),(90,'Steven Wilson-Hall','1990-01-01','18 St. Stephen\'s Road, Norwich, NR1 3RE',90,'Dr. Abigail Bell'),(91,'Zoe Leach','2013-02-24','20 Headingley Lane, Leeds, LS6 2AY',91,'Dr. Harry Wilson'),(92,'Melanie Jones','2022-10-15','10 Borough High Street, London, SE1 1BL',92,'Dr. Natalie Evans'),(93,'Mr Glenn Thomas','1971-03-18','28 Brook Green, London, W6 7BE',93,'Dr. George Robinson'),(94,'Dr Yvonne Hanson','1993-11-21','12 Old Road, Oxford, OX3 8SX',94,'Dr. Hannah King'),(95,'Lorraine Johnson-Barry','2009-06-09','40 Camberwell New Road, London, SE5 0RS',95,'Dr. William Allen'),(96,'Mr Christopher Arnold','1995-02-19','22 Spring Bank, Hull, HU3 1AB',96,'Dr. Samuel Walker'),(97,'Mr Bryan Jones','1982-06-10','25 Clifton Hill, Bristol, BS8 1BX',97,'Dr. Laura Clark'),(98,'Fiona Dunn-Naylor','1944-01-08','6 Learmonth Terrace, Edinburgh, EH4 1PF',98,'Dr. Victoria Adams'),(99,'Mr Gareth Byrne','2006-06-11','10 Hawkhill, Dundee, DD1 5DH',99,'Dr. Ethan Clark'),(100,'Frances Sanders','1994-01-23','14 Beeston Road, Nottingham, NG7 2ER',100,'Dr. Olivia Roberts'),(101,'Katy Smith','2017-03-15','21 Limehouse Lane, London, E1 8GN',1,'Dr. Olivia Harris'),(102,'Frederick Baker-Wilkinson','1958-02-04','38 Deansgate Way, Manchester, M3 4EN',2,'Dr. James Bennett'),(103,'Edward Hopkins','1969-12-02','95 Waterloo Road, London, SE1 8XD',3,'Dr. Sophia Walker'),(104,'Ms Kimberley Smith','2008-11-18','55 Selly Oak Road, Birmingham, B29 7BY',4,'Dr. Daniel Lewis'),(105,'Joanne Phillips','2014-04-22','28 Fitzwilliam Street, Cambridge, CB2 4AX',5,'Dr. Jack Wilson'),(106,'Mr Brandon Harvey','1952-04-08','40 Russell Square, London, WC1B 4EE',6,'Dr. Ava Clarke'),(107,'Zoe Bartlett','1967-10-10','18 The Avenue, Southampton, SO17 1XE',7,'Dr. Emily Turner'),(108,'Ms Amelia Rose','2022-02-12','70 Osborne Road, Newcastle, NE2 2TB',8,'Dr. William Scott'),(109,'Julian Walker','2000-07-20','36 Pershore Road, Birmingham, B5 7AX',9,'Dr. Jacob Moore'),(110,'Alice Moore','1993-07-04','22 Unthank Road, Norwich, NR2 2AB',10,'Dr. Emma Thompson'),(111,'Ms Megan Rowley','1944-06-25','24 Woodhouse Lane, Leeds, LS2 3HQ',11,'Dr. Lucas Green'),(112,'Joe Hopkins-Cook','1940-12-02','8 Tooley Street, London, SE1 2TE',12,'Dr. Isla Carter'),(113,'Ms Ann Adams','1945-04-08','30 Shepherd\'s Bush Road, London, W6 7NL',13,'Dr. Michael Adams'),(114,'Wayne Harrison','1980-10-20','16 Cowley Road, Oxford, OX4 1UE',14,'Dr. Lily Roberts'),(115,'Geoffrey Brown','2004-10-01','45 Peckham Road, London, SE5 8QQ',15,'Dr. Matthew Young'),(116,'Mr Mitchell Nash','1948-04-13','25 Anlaby Road, Hull, HU3 2SE',16,'Dr. Hannah Parker'),(117,'Sarah Harvey','1969-03-24','29 Park Row, Bristol, BS1 5LS',17,'Dr. Jack Evans'),(118,'Dr Dominic Gordon','1981-10-06','10 Inverleith Terrace, Edinburgh, EH3 5PB',18,'Dr. Charlotte King'),(119,'Mrs Deborah Powell','1967-07-22','14 Riverside Drive, Dundee, DD1 4DB',19,'Dr. Joshua Scott'),(120,'Donald Allen','1964-03-14','18 Dunkirk Road, Nottingham, NG7 2JL',20,'Dr. Sarah Morgan'),(121,'Michelle Coleman','1967-08-09','12 Hampstead Hill, London, NW3 2LL',21,'Dr. Alice Bell'),(122,'Guy Evans-Shaw','1948-10-18','42 Jesmond Vale, Newcastle, NE2 3LN',22,'Dr. Samuel White'),(123,'Lynne Hart','2008-09-13','35 George Street, Glasgow, G2 1AL',23,'Dr. Benjamin Harris'),(124,'Mr Roger Dickinson','1978-11-28','20 Kemptown Road, Brighton, BN2 3FB',24,'Dr. Amelia Martinez'),(125,'June Foster','2004-03-26','25 Upper Tooting Road, London, SW17 8RF',25,'Dr. Ethan Cooper'),(126,'Mr Arthur Brown','2023-05-11','27 Gatley Lane, Manchester, M23 3DS',26,'Dr. Natalie Mitchell'),(127,'Dr Andrea Marshall','1965-01-19','22 Morriston Crescent, Swansea, SA6 7EA',27,'Dr. Oliver Clark'),(128,'Barry Roberts','1994-12-08','34 Mannamead Road, Plymouth, PL3 5HJ',28,'Dr. Mia Robinson'),(129,'Derek Campbell','1985-11-03','16 Ewood Road, Blackburn, BB2 4TT',29,'Dr. Lucas Moore'),(130,'Tony Nicholson','1948-01-18','18 Buckingham Road, Aylesbury, HP19 9JU',30,'Dr. Sophia Allen'),(131,'Dawn Cook','1977-12-21','24 Stokesley Road, Middlesbrough, TS5 8AL',31,'Dr. Noah Carter'),(132,'Mr Roy Cross','1969-10-07','22 Justice Mill Lane, Aberdeen, AB11 6EQ',32,'Dr. Ava Morgan'),(133,'Emily Bond-Smith','2008-06-22','37 Govan Road, Glasgow, G51 1YQ',33,'Dr. Henry King'),(134,'Suzanne Pollard','1960-12-21','14 Gillygate, York, YO31 7EQ',34,'Dr. Clara Mitchell'),(135,'Brian Newton','1947-05-14','18 Littleover Lane, Derby, DE23 1NB',35,'Dr. Victoria Gray'),(136,'Mrs Katherine Price','1984-07-08','9 Wolverton Road, Milton Keynes, MK12 5JT',36,'Dr. Patrick Smith'),(137,'Sara Parsons','1961-08-27','14 Clifton Down Road, Bristol, BS8 4AH',37,'Dr. Daniel Harris'),(138,'Jake Norman-Duncan','1992-02-04','22 Muster Green, Haywards Heath, RH16 4AT',38,'Dr. Ella Roberts'),(139,'Kerry Taylor','1951-04-10','34 Kenwyn Street, Truro, TR1 1ST',39,'Dr. Benjamin Lewis'),(140,'Ms Katy Bevan','1956-06-24','18 Biscot Road, Luton, LU3 1AN',40,'Dr. Elizabeth Scott'),(141,'Mr Cameron Stephens','2022-05-27','21 Limehouse Lane, London, E1 8GN',41,'Dr. Oliver Walker'),(142,'Dr Jeremy Mason','1965-06-01','38 Deansgate Way, Manchester, M3 4EN',42,'Dr. Lily Collins'),(143,'Rebecca Kirby','1959-01-20','95 Waterloo Road, London, SE1 8XD',43,'Dr. Ethan Mitchell'),(144,'Dr Malcolm Baker','1944-09-23','55 Selly Oak Road, Birmingham, B29 7BY',44,'Dr. Sophie Bell'),(145,'Jeffrey Evans-Marshall','1955-10-27','28 Fitzwilliam Street, Cambridge, CB2 4AX',45,'Dr. George Green'),(146,'Donna Sheppard','2011-08-01','40 Russell Square, London, WC1B 4EE',46,'Dr. Jack Turner'),(147,'Marie Jones','1963-12-12','18 The Avenue, Southampton, SO17 1XE',47,'Dr. Olivia Evans'),(148,'Dr Alan Lane','2014-08-03','70 Osborne Road, Newcastle, NE2 2TB',48,'Dr. Zachary Clark'),(149,'Jay Taylor','1988-03-17','36 Pershore Road, Birmingham, B5 7AX',49,'Dr. Leah Robinson'),(150,'Andrew Phillips','2010-09-27','22 Unthank Road, Norwich, NR2 2AB',50,'Dr. Samuel Williams'),(151,'Jeremy Robinson','1975-04-20','24 Woodhouse Lane, Leeds, LS2 3HQ',51,'Dr. Isla Phillips'),(152,'Mr Colin Evans','1988-01-07','8 Tooley Street, London, SE1 2TE',52,'Dr. Nathaniel Davis'),(153,'Dr Suzanne Jones','1998-09-08','30 Shepherd\'s Bush Road, London, W6 7NL',53,'Dr. Abigail James'),(154,'Graham Fisher','1954-04-03','16 Cowley Road, Oxford, OX4 1UE',54,'Dr. Hugo White'),(155,'Dr Patrick Lawrence','2004-03-07','45 Peckham Road, London, SE5 8QQ',55,'Dr. Olivia Phillips'),(156,'Mr Ben Davies','1980-01-19','25 Anlaby Road, Hull, HU3 2SE',56,'Dr. William Adams'),(157,'Melissa Barker','2004-08-06','29 Park Row, Bristol, BS1 5LS',57,'Dr. Lucy Wright'),(158,'Paige Wade','1970-04-24','10 Inverleith Terrace, Edinburgh, EH3 5PB',58,'Dr. Marcus Clark'),(159,'Dr Kyle Clayton','1955-08-12','14 Riverside Drive, Dundee, DD1 4DB',59,'Dr. Amelia Grant'),(160,'Carol Howell-Allen','1978-02-15','18 Dunkirk Road, Nottingham, NG7 2JL',60,'Dr. Richard Cooper'),(161,'Callum Matthews','1986-03-26','12 Hampstead Hill, London, NW3 2LL',61,'Dr. Matthew Bell'),(162,'Vanessa Ryan','1981-03-17','42 Jesmond Vale, Newcastle, NE2 3LN',62,'Dr. Sophie Turner'),(163,'Sara Davies-Ryan','1975-10-01','35 George Street, Glasgow, G2 1AL',63,'Dr. Joshua White'),(164,'Ms Charlotte Hill','2010-01-02','20 Kemptown Road, Brighton, BN2 3FB',64,'Dr. Daniel Lee'),(165,'Mary Graham','2003-09-04','25 Upper Tooting Road, London, SW17 8RF',65,'Dr. Grace Morris'),(166,'Mohammed Hart-Gray','2003-07-04','27 Gatley Lane, Manchester, M23 3DS',66,'Dr. James Hughes'),(167,'Alan Hill','1990-03-12','22 Morriston Crescent, Swansea, SA6 7EA',67,'Dr. Emily Collins'),(168,'Stephen Hill','2021-09-18','34 Mannamead Road, Plymouth, PL3 5HJ',68,'Dr. Sophia Parker'),(169,'Kevin Doherty','1943-12-10','16 Ewood Road, Blackburn, BB2 4TT',69,'Dr. Nathan Roberts'),(170,'Hannah Dixon','1943-12-26','18 Buckingham Road, Aylesbury, HP19 9JU',70,'Dr. Max Evans'),(171,'Megan Barton','1947-05-15','24 Stokesley Road, Middlesbrough, TS5 8AL',71,'Dr. Thomas Harris'),(172,'Dylan Thomas','1960-10-05','22 Justice Mill Lane, Aberdeen, AB11 6EQ',72,'Dr. Isabelle Moore'),(173,'Nicholas Walsh','1966-02-26','37 Govan Road, Glasgow, G51 1YQ',73,'Dr. Max Wilson'),(174,'Jennifer Lambert-Taylor','2008-10-05','14 Gillygate, York, YO31 7EQ',74,'Dr. Rachel Lee'),(175,'Nigel Lees','2001-01-26','18 Littleover Lane, Derby, DE23 1NB',75,'Dr. Sophia Grant'),(176,'Kyle Moss','1971-07-17','9 Wolverton Road, Milton Keynes, MK12 5JT',76,'Dr. John Murphy'),(177,'Anne Goddard-Matthews','1950-04-25','14 Clifton Down Road, Bristol, BS8 4AH',77,'Dr. Lily Harris'),(178,'Gareth Warner','2018-05-12','22 Muster Green, Haywards Heath, RH16 4AT',78,'Dr. Samuel Carter'),(179,'Miss Maureen Turner','1961-04-16','34 Kenwyn Street, Truro, TR1 1ST',79,'Dr. Zoe Adams'),(180,'Rosie James','1978-11-13','18 Biscot Road, Luton, LU3 1AN',80,'Dr. Emma White'),(181,'Kim Singh-Wilson','1979-06-24','21 Limehouse Lane, London, E1 8GN',81,'Dr. Daniel Cooper'),(182,'Mr Sean Bell','2012-05-23','38 Deansgate Way, Manchester, M3 4EN',82,'Dr. Jack Thompson'),(183,'Abdul Ahmed','1995-01-26','95 Waterloo Road, London, SE1 8XD',83,'Dr. Isabelle Clark'),(184,'Dr Roger Kelly','1942-08-20','55 Selly Oak Road, Birmingham, B29 7BY',84,'Dr. George Carter'),(185,'Mr Neil Wood','2020-07-01','28 Fitzwilliam Street, Cambridge, CB2 4AX',85,'Dr. Emma Young'),(186,'Katy Bruce','1948-01-24','40 Russell Square, London, WC1B 4EE',86,'Dr. Lucas Bell'),(187,'Alison Chan','2016-04-27','18 The Avenue, Southampton, SO17 1XE',87,'Dr. Benjamin Scott'),(188,'Beth Baker','1983-08-07','70 Osborne Road, Newcastle, NE2 2TB',88,'Dr. Charlotte Green'),(189,'Emma Newman','2004-03-05','36 Pershore Road, Birmingham, B5 7AX',89,'Dr. Joshua Mitchell'),(190,'Alison Parkes','1964-11-08','22 Unthank Road, Norwich, NR2 2AB',90,'Dr. Abigail Bell'),(191,'Mr Gavin Reed','2015-03-19','24 Woodhouse Lane, Leeds, LS2 3HQ',91,'Dr. Harry Wilson'),(192,'Norman Bailey','1951-08-25','8 Tooley Street, London, SE1 2TE',92,'Dr. Natalie Evans'),(193,'Carly Goodwin','2010-12-23','30 Shepherd\'s Bush Road, London, W6 7NL',93,'Dr. George Robinson'),(194,'Craig Clayton-Wade','1945-06-20','16 Cowley Road, Oxford, OX4 1UE',94,'Dr. Hannah King'),(195,'Amber Griffiths','1989-07-22','45 Peckham Road, London, SE5 8QQ',95,'Dr. William Allen'),(196,'Dr Alex Williams','2002-01-08','25 Anlaby Road, Hull, HU3 2SE',96,'Dr. Samuel Walker'),(197,'Michael Watkins','2010-07-08','29 Park Row, Bristol, BS1 5LS',97,'Dr. Laura Clark'),(198,'Dr Jodie Owens','1972-08-16','10 Inverleith Terrace, Edinburgh, EH3 5PB',98,'Dr. Victoria Adams'),(199,'Ms Marian Bennett','1963-11-19','14 Riverside Drive, Dundee, DD1 4DB',99,'Dr. Ethan Clark'),(200,'Anthony Turner','1968-01-21','18 Dunkirk Road, Nottingham, NG7 2JL',100,'Dr. Olivia Roberts'),(201,'Roger Wilkinson','2015-09-23','31 Wapping Lane, London, E1W 2RD',1,'Dr. Olivia Harris'),(202,'Julie Andrews','1993-04-13','60 Castlefield Road, Manchester, M15 4LD',2,'Dr. James Bennett'),(203,'Katherine Shaw','1952-07-20','88 Southbank Boulevard, London, SE1 7TY',3,'Dr. Sophia Walker'),(204,'Dr Paul Taylor','2011-12-25','47 Edgbaston Crescent, Birmingham, B16 9TT',4,'Dr. Daniel Lewis'),(205,'Paula Gray-Taylor','2014-11-13','12 Grange Road, Cambridge, CB3 9AP',5,'Dr. Jack Wilson'),(206,'Ms Pauline Fletcher','2015-08-11','25 Tavistock Square, London, WC1H 9EZ',6,'Dr. Ava Clarke'),(207,'Kirsty Savage','1943-02-04','14 Bassett Green Road, Southampton, SO16 3DP',7,'Dr. Emily Turner'),(208,'Anthony Banks','1964-01-18','66 Sandyford Road, Newcastle, NE2 1DE',8,'Dr. William Scott'),(209,'Janet Thomas-Morgan','1995-10-06','38 Bournville Lane, Birmingham, B30 2AE',9,'Dr. Jacob Moore'),(210,'Pauline Lyons','1960-06-22','30 Dereham Road, Norwich, NR2 3AB',10,'Dr. Emma Thompson'),(211,'Amber Kirby-Barnes','1999-12-17','45 The Calls, Leeds, LS2 7EY',11,'Dr. Lucas Green'),(212,'Bradley Fox-Rose','1957-09-14','19 Southwark Street, London, SE1 1RQ',12,'Dr. Isla Carter'),(213,'Dr Andrew Brennan','1952-10-24','26 Fulham Palace Road, London, W6 9PL',13,'Dr. Michael Adams'),(214,'Andrew Knight','1997-01-28','10 Woodstock Road, Oxford, OX2 6HA',14,'Dr. Lily Roberts'),(215,'Catherine Bull','1971-03-28','32 Denmark Hill, London, SE5 8DQ',15,'Dr. Matthew Young'),(216,'Aimee Humphreys','1980-08-01','14 Beverley Road, Hull, HU5 1AJ',16,'Dr. Hannah Parker'),(217,'Nicholas Reed','2004-06-23','40 Stokes Croft, Bristol, BS1 3QD',17,'Dr. Jack Evans'),(218,'Donald Hicks','1965-09-04','18 Raeburn Place, Edinburgh, EH4 1HN',18,'Dr. Charlotte King'),(219,'Dr Malcolm Thompson','1959-02-28','20 Hilltown, Dundee, DD3 7BG',19,'Dr. Joshua Scott'),(220,'Callum Harrison','1970-12-20','12 Lenton Boulevard, Nottingham, NG7 2ES',20,'Dr. Sarah Morgan'),(221,'Anne Williams-Phillips','1940-02-16','25 Finchley Road, London, NW3 7AJ',21,'Dr. Alice Bell'),(222,'Vanessa Webb','1970-03-22','48 Heaton Road, Newcastle, NE6 5HN',22,'Dr. Samuel White'),(223,'Mr Marcus Thomas','1978-02-19','22 Argyle Street, Glasgow, G3 8TT',23,'Dr. Benjamin Harris'),(224,'Dr Gareth Gray','1950-12-12','28 Hanover Crescent, Brighton, BN1 9DY',24,'Dr. Amelia Martinez'),(225,'Oliver Parry-Owen','2024-02-16','30 Tooting Bec Road, London, SW17 7BD',25,'Dr. Ethan Cooper'),(226,'Denise Armstrong','2013-01-28','36 Altrincham Road, Manchester, M22 9UG',26,'Dr. Natalie Mitchell'),(227,'Mathew Moore-Osborne','1954-01-21','25 Birchgrove Lane, Swansea, SA7 9EW',27,'Dr. Oliver Clark'),(228,'Jayne Lane','1961-02-05','38 Milehouse Road, Plymouth, PL3 4AA',28,'Dr. Mia Robinson'),(229,'Frank Gill','1979-05-17','19 Whalley Range, Blackburn, BB1 6EA',29,'Dr. Lucas Moore'),(230,'Dr Marilyn Berry','1957-03-09','16 Wendover Road, Aylesbury, HP21 7LY',30,'Dr. Sophia Allen'),(231,'Teresa Jones','1974-12-02','28 Linthorpe Road, Middlesbrough, TS5 6JR',31,'Dr. Noah Carter'),(232,'Terence Lee','1959-06-01','24 Rosemount Place, Aberdeen, AB25 2XT',32,'Dr. Ava Morgan'),(233,'Chelsea Hammond','1951-03-19','39 Clyde Street, Glasgow, G1 4DH',33,'Dr. Henry King'),(234,'Glenn Briggs','1994-04-18','20 Micklegate, York, YO1 6LF',34,'Dr. Clara Mitchell'),(235,'Dr Angela Hartley','1944-05-14','22 Mickleover Lane, Derby, DE22 4AF',35,'Dr. Victoria Gray'),(236,'Gary Freeman-Scott','2020-04-08','15 Bletchley Road, Milton Keynes, MK3 5AL',36,'Dr. Patrick Smith'),(237,'Alexandra Hughes','1962-01-02','12 Redland Grove, Bristol, BS6 6AE',37,'Dr. Daniel Harris'),(238,'Benjamin Jordan-Harding','1956-06-26','16 Sussex Road, Haywards Heath, RH16 2BT',38,'Dr. Ella Roberts'),(239,'Dr Alice Roberts','1987-03-21','42 Tregolls Road, Truro, TR1 3AN',39,'Dr. Benjamin Lewis'),(240,'Brett Parkes','1952-02-04','20 Dallow Road, Luton, LU1 1NA',40,'Dr. Elizabeth Scott'),(241,'Lorraine Thorpe','2024-06-10','31 Wapping Lane, London, E1W 2RD',41,'Dr. Oliver Walker'),(242,'Harry Shaw','1958-09-12','60 Castlefield Road, Manchester, M15 4LD',42,'Dr. Lily Collins'),(243,'Ms Heather Griffiths','1979-01-16','88 Southbank Boulevard, London, SE1 7TY',43,'Dr. Ethan Mitchell'),(244,'Ms Sarah Harrison','1995-08-02','47 Edgbaston Crescent, Birmingham, B16 9TT',44,'Dr. Sophie Bell'),(245,'Conor Peters','1972-06-16','12 Grange Road, Cambridge, CB3 9AP',45,'Dr. George Green'),(246,'Jack Hughes','2023-04-22','25 Tavistock Square, London, WC1H 9EZ',46,'Dr. Jack Turner'),(247,'Dr Rosie Reed','1978-03-24','14 Bassett Green Road, Southampton, SO16 3DP',47,'Dr. Olivia Evans'),(248,'Neil Smith','2007-06-09','66 Sandyford Road, Newcastle, NE2 1DE',48,'Dr. Zachary Clark'),(249,'Kirsty Skinner-Miller','1959-03-09','38 Bournville Lane, Birmingham, B30 2AE',49,'Dr. Leah Robinson'),(250,'Natalie Reed','1963-07-01','30 Dereham Road, Norwich, NR2 3AB',50,'Dr. Samuel Williams'),(251,'Scott Lloyd','1987-05-10','45 The Calls, Leeds, LS2 7EY',51,'Dr. Isla Phillips'),(252,'Colin Edwards','2000-09-08','19 Southwark Street, London, SE1 1RQ',52,'Dr. Nathaniel Davis'),(253,'Mr Christopher Williamson','1967-12-02','26 Fulham Palace Road, London, W6 9PL',53,'Dr. Abigail James'),(254,'Dr Charlotte Marshall','1970-08-05','10 Woodstock Road, Oxford, OX2 6HA',54,'Dr. Hugo White'),(255,'Callum Ford','1985-07-26','32 Denmark Hill, London, SE5 8DQ',55,'Dr. Olivia Phillips'),(256,'Gareth Carter','1967-06-25','14 Beverley Road, Hull, HU5 1AJ',56,'Dr. William Adams'),(257,'Anthony Bell','1945-05-16','40 Stokes Croft, Bristol, BS1 3QD',57,'Dr. Lucy Wright'),(258,'Gail Ward','1954-04-26','18 Raeburn Place, Edinburgh, EH4 1HN',58,'Dr. Marcus Clark'),(259,'Gerald Morgan','1975-09-20','20 Hilltown, Dundee, DD3 7BG',59,'Dr. Amelia Grant'),(260,'Jane Goddard','1948-04-16','12 Lenton Boulevard, Nottingham, NG7 2ES',60,'Dr. Richard Cooper'),(261,'Alan Robinson','1948-08-22','25 Finchley Road, London, NW3 7AJ',61,'Dr. Matthew Bell'),(262,'Rachael Barry','1966-10-09','48 Heaton Road, Newcastle, NE6 5HN',62,'Dr. Sophie Turner'),(263,'Mr James Thompson','2002-12-01','22 Argyle Street, Glasgow, G3 8TT',63,'Dr. Joshua White'),(264,'Angela Robinson','1947-09-08','28 Hanover Crescent, Brighton, BN1 9DY',64,'Dr. Daniel Lee'),(265,'Jenna Davies','1984-09-09','30 Tooting Bec Road, London, SW17 7BD',65,'Dr. Grace Morris'),(266,'Linda Jenkins-Newton','1987-09-10','36 Altrincham Road, Manchester, M22 9UG',66,'Dr. James Hughes'),(267,'Josephine Brown','1940-08-03','25 Birchgrove Lane, Swansea, SA7 9EW',67,'Dr. Emily Collins'),(268,'Dr Diana Murray','2004-05-01','38 Milehouse Road, Plymouth, PL3 4AA',68,'Dr. Sophia Parker'),(269,'Thomas Williams','1960-12-09','19 Whalley Range, Blackburn, BB1 6EA',69,'Dr. Nathan Roberts'),(270,'Teresa White','1950-08-19','16 Wendover Road, Aylesbury, HP21 7LY',70,'Dr. Max Evans'),(271,'Barbara Lawrence','2018-06-28','28 Linthorpe Road, Middlesbrough, TS5 6JR',71,'Dr. Thomas Harris'),(272,'Alex Kay','1985-03-08','24 Rosemount Place, Aberdeen, AB25 2XT',72,'Dr. Isabelle Moore'),(273,'Dr Keith McKenzie','1965-08-12','39 Clyde Street, Glasgow, G1 4DH',73,'Dr. Max Wilson'),(274,'Lesley Davies-Williams','1983-02-04','20 Micklegate, York, YO1 6LF',74,'Dr. Rachel Lee'),(275,'Conor Bailey','2006-09-25','22 Mickleover Lane, Derby, DE22 4AF',75,'Dr. Sophia Grant'),(276,'Hannah Brown','2023-06-22','15 Bletchley Road, Milton Keynes, MK3 5AL',76,'Dr. John Murphy'),(277,'Mr Jeffrey Matthews','1975-09-17','12 Redland Grove, Bristol, BS6 6AE',77,'Dr. Lily Harris'),(278,'Dr Carole Greenwood','2017-06-16','16 Sussex Road, Haywards Heath, RH16 2BT',78,'Dr. Samuel Carter'),(279,'Kirsty Stevenson','1997-04-10','42 Tregolls Road, Truro, TR1 3AN',79,'Dr. Zoe Adams'),(280,'Donna Jennings','1966-07-25','20 Dallow Road, Luton, LU1 1NA',80,'Dr. Emma White'),(281,'Damien Gardner','1956-09-06','31 Wapping Lane, London, E1W 2RD',81,'Dr. Daniel Cooper'),(282,'Terry Jones-Watson','1970-09-02','60 Castlefield Road, Manchester, M15 4LD',82,'Dr. Jack Thompson'),(283,'Damien Patterson','2018-03-06','88 Southbank Boulevard, London, SE1 7TY',83,'Dr. Isabelle Clark'),(284,'Lydia Mitchell','1959-07-15','47 Edgbaston Crescent, Birmingham, B16 9TT',84,'Dr. George Carter'),(285,'Brenda Singh','1944-05-13','12 Grange Road, Cambridge, CB3 9AP',85,'Dr. Emma Young'),(286,'Mr Roger Begum','1977-02-14','25 Tavistock Square, London, WC1H 9EZ',86,'Dr. Lucas Bell'),(287,'Megan Dunn','1960-08-17','14 Bassett Green Road, Southampton, SO16 3DP',87,'Dr. Benjamin Scott'),(288,'Joyce Burton','1949-08-07','66 Sandyford Road, Newcastle, NE2 1DE',88,'Dr. Charlotte Green'),(289,'Miss Carly May','1976-11-06','38 Bournville Lane, Birmingham, B30 2AE',89,'Dr. Joshua Mitchell'),(290,'Gerald Brennan','1984-06-16','30 Dereham Road, Norwich, NR2 3AB',90,'Dr. Abigail Bell'),(291,'Mr Norman Davies','2006-09-01','45 The Calls, Leeds, LS2 7EY',91,'Dr. Harry Wilson'),(292,'Karl Wright','1978-02-03','19 Southwark Street, London, SE1 1RQ',92,'Dr. Natalie Evans'),(293,'Miss Beth Gough','1942-09-04','26 Fulham Palace Road, London, W6 9PL',93,'Dr. George Robinson'),(294,'Carolyn Sharpe','1944-04-27','10 Woodstock Road, Oxford, OX2 6HA',94,'Dr. Hannah King'),(295,'Ms Amy Greenwood','1996-08-28','32 Denmark Hill, London, SE5 8DQ',95,'Dr. William Allen'),(296,'Ms Christine Cooper','1959-06-20','14 Beverley Road, Hull, HU5 1AJ',96,'Dr. Samuel Walker'),(297,'Gerald Daly','1987-04-02','40 Stokes Croft, Bristol, BS1 3QD',97,'Dr. Laura Clark'),(298,'John Stephens','1958-03-05','18 Raeburn Place, Edinburgh, EH4 1HN',98,'Dr. Victoria Adams'),(299,'Mr Shane Thomas','1940-01-06','20 Hilltown, Dundee, DD3 7BG',99,'Dr. Ethan Clark'),(300,'Amanda Dennis','1942-09-13','12 Lenton Boulevard, Nottingham, NG7 2ES',100,'Dr. Olivia Roberts'),(301,'Ms Emma Rose','2005-08-12','15 East Smithfield, London, E1W 1AP',1,'Dr. Olivia Harris'),(302,'Miss Stacey Jones','1983-09-20','72 Canal Street, Manchester, M1 3WD',2,'Dr. James Bennett'),(303,'Mr Robert Potts','2003-06-13','95 Borough High Street, London, SE1 1NL',3,'Dr. Sophia Walker'),(304,'Dr Dominic Peters','1969-02-14','42 Moseley Road, Birmingham, B12 0RT',4,'Dr. Daniel Lewis'),(305,'Ms Ellie Hall','1997-09-09','10 Regent Street, Cambridge, CB2 1DB',5,'Dr. Jack Wilson'),(306,'Diana Ward','1989-01-17','23 Cartwright Gardens, London, WC1H 9EE',6,'Dr. Ava Clarke'),(307,'Harry Dixon','2017-08-09','30 Portswood Road, Southampton, SO17 2NJ',7,'Dr. Emily Turner'),(308,'Raymond Cooper','1967-07-14','50 Jesmond Road, Newcastle, NE2 4PQ',8,'Dr. William Scott'),(309,'Timothy Pearson','1982-08-12','38 Handsworth Road, Birmingham, B21 8LL',9,'Dr. Jacob Moore'),(310,'Stacey Johnson','1966-06-01','18 Earlham Road, Norwich, NR2 3RT',10,'Dr. Emma Thompson'),(311,'Naomi Jones','1988-01-14','25 Great George Street, Leeds, LS1 3AN',11,'Dr. Lucas Green'),(312,'Jill Jones','1988-03-11','12 Union Street, London, SE1 1SZ',12,'Dr. Isla Carter'),(313,'Joan Tomlinson','1948-01-06','35 Kensington High Street, London, W8 6SG',13,'Dr. Michael Adams'),(314,'Terry Lewis','2000-12-27','14 Banbury Road, Oxford, OX2 6HU',14,'Dr. Lily Roberts'),(315,'Mohammed Skinner','2011-08-01','28 Camberwell Green, London, SE5 0BE',15,'Dr. Matthew Young'),(316,'Mrs Barbara Phillips','2004-05-27','10 Spring Bank, Hull, HU3 1AB',16,'Dr. Hannah Parker'),(317,'Lewis Smith','1986-04-20','32 Park Street, Bristol, BS1 5JA',17,'Dr. Jack Evans'),(318,'Dean Ali','1952-03-16','20 Bruntsfield Place, Edinburgh, EH10 4HF',18,'Dr. Charlotte King'),(319,'Samantha Jones','1977-03-17','18 Commercial Street, Dundee, DD1 3EJ',19,'Dr. Joshua Scott'),(320,'Alan Austin','2010-06-17','8 Derby Road, Nottingham, NG7 1PF',20,'Dr. Sarah Morgan'),(321,'Duncan Hill','1974-12-19','16 Primrose Hill, London, NW1 8YL',21,'Dr. Alice Bell'),(322,'Justin Bailey','2010-01-07','44 Fenham Hall Drive, Newcastle, NE4 9XE',22,'Dr. Samuel White'),(323,'Mrs Abbie Walsh','1976-02-17','26 Buchanan Street, Glasgow, G1 3LB',23,'Dr. Benjamin Harris'),(324,'Mr Damian Thomas','1975-03-19','24 Preston Street, Brighton, BN1 2HG',24,'Dr. Amelia Martinez'),(325,'Kirsty Robertson','1950-12-23','22 Streatham Hill, London, SW2 4RQ',25,'Dr. Ethan Cooper'),(326,'William Nash-Taylor','1962-10-02','40 Northenden Road, Manchester, M33 2JZ',26,'Dr. Natalie Mitchell'),(327,'Dr Carl Robinson','1959-11-15','12 Swansea Vale, Swansea, SA7 0NL',27,'Dr. Oliver Clark'),(328,'Wayne OBrien','2006-08-04','14 Southway Drive, Plymouth, PL6 6RF',28,'Dr. Mia Robinson'),(329,'Ms Jill Nicholls','2005-02-10','18 Darwen Street, Blackburn, BB1 3AJ',29,'Dr. Lucas Moore'),(330,'Kayleigh Bates','1989-12-13','14 Bedgrove Lane, Aylesbury, HP21 9AW',30,'Dr. Sophia Allen'),(331,'Dr Beth Howard','2011-11-09','22 Borough Road, Middlesbrough, TS1 3BA',31,'Dr. Noah Carter'),(332,'Catherine Wells','2003-02-21','16 Union Terrace, Aberdeen, AB10 1NN',32,'Dr. Ava Morgan'),(333,'Henry Hall','1944-03-16','30 St Enoch Square, Glasgow, G1 4AA',33,'Dr. Henry King'),(334,'Gemma Hargreaves','1958-07-28','14 Bootham, York, YO30 7BL',34,'Dr. Clara Mitchell'),(335,'Dominic Cook','1950-06-01','10 Littleover Crescent, Derby, DE23 6JL',35,'Dr. Victoria Gray'),(336,'Dr Rhys Johnson','1946-10-21','12 Newport Road, Milton Keynes, MK6 3BJ',36,'Dr. Patrick Smith'),(337,'Jacqueline Patel','2014-06-28','20 Cotham Hill, Bristol, BS6 6LF',37,'Dr. Daniel Harris'),(338,'June Pollard','1987-07-01','14 Balcombe Road, Haywards Heath, RH16 1AA',38,'Dr. Ella Roberts'),(339,'Dr Rebecca Patterson','2010-01-03','30 Falmouth Road, Truro, TR1 2BL',39,'Dr. Benjamin Lewis'),(340,'Tom Lawrence','2007-01-11','10 Park Street, Luton, LU1 3HQ',40,'Dr. Elizabeth Scott'),(341,'Emma Thomas-Jones','1969-10-24','15 East Smithfield, London, E1W 1AP',41,'Dr. Oliver Walker'),(342,'Mrs Jasmine Burns','1946-11-15','72 Canal Street, Manchester, M1 3WD',42,'Dr. Lily Collins'),(343,'Aaron Kay-Ward','2001-06-21','95 Borough High Street, London, SE1 1NL',43,'Dr. Ethan Mitchell'),(344,'Mrs Diana Johnson','1942-02-17','42 Moseley Road, Birmingham, B12 0RT',44,'Dr. Sophie Bell'),(345,'Claire Clarke','1957-04-21','10 Regent Street, Cambridge, CB2 1DB',45,'Dr. George Green'),(346,'Dr Jill Young','2024-07-12','23 Cartwright Gardens, London, WC1H 9EE',46,'Dr. Jack Turner'),(347,'Lynne Young','1998-11-06','30 Portswood Road, Southampton, SO17 2NJ',47,'Dr. Olivia Evans'),(348,'Mitchell Jones-Marshall','1968-03-23','50 Jesmond Road, Newcastle, NE2 4PQ',48,'Dr. Zachary Clark'),(349,'Denise Lowe','2006-11-12','38 Handsworth Road, Birmingham, B21 8LL',49,'Dr. Leah Robinson'),(350,'Frances Tomlinson','1987-02-08','18 Earlham Road, Norwich, NR2 3RT',50,'Dr. Samuel Williams'),(351,'Mohamed Wallis','1983-05-23','25 Great George Street, Leeds, LS1 3AN',51,'Dr. Isla Phillips'),(352,'Dr Gordon Rowe','1981-09-15','12 Union Street, London, SE1 1SZ',52,'Dr. Nathaniel Davis'),(353,'Jay Sutton','1983-12-15','35 Kensington High Street, London, W8 6SG',53,'Dr. Abigail James'),(354,'Dawn Pollard','2022-10-12','14 Banbury Road, Oxford, OX2 6HU',54,'Dr. Hugo White'),(355,'Jordan Johnston','1968-05-10','28 Camberwell Green, London, SE5 0BE',55,'Dr. Olivia Phillips'),(356,'Cheryl Lewis','1985-10-26','10 Spring Bank, Hull, HU3 1AB',56,'Dr. William Adams'),(357,'Conor Finch-Smith','1983-10-01','32 Park Street, Bristol, BS1 5JA',57,'Dr. Lucy Wright'),(358,'Steven Glover-Read','1987-07-19','20 Bruntsfield Place, Edinburgh, EH10 4HF',58,'Dr. Marcus Clark'),(359,'Ashley Thomas','2021-06-09','18 Commercial Street, Dundee, DD1 3EJ',59,'Dr. Amelia Grant'),(360,'Victoria Hope','1995-12-22','8 Derby Road, Nottingham, NG7 1PF',60,'Dr. Richard Cooper'),(361,'Maria Walker','1945-09-16','16 Primrose Hill, London, NW1 8YL',61,'Dr. Matthew Bell'),(362,'Hollie Smith','1971-03-26','44 Fenham Hall Drive, Newcastle, NE4 9XE',62,'Dr. Sophie Turner'),(363,'Anthony Warren','2009-09-06','26 Buchanan Street, Glasgow, G1 3LB',63,'Dr. Joshua White'),(364,'Paige Nicholson','1980-12-24','24 Preston Street, Brighton, BN1 2HG',64,'Dr. Daniel Lee'),(365,'Mr Thomas Parker','2014-12-01','22 Streatham Hill, London, SW2 4RQ',65,'Dr. Grace Morris'),(366,'Dr Jeffrey Johnson','2013-11-24','40 Northenden Road, Manchester, M33 2JZ',66,'Dr. James Hughes'),(367,'Miss Beth Connolly','2009-12-07','12 Swansea Vale, Swansea, SA7 0NL',67,'Dr. Emily Collins'),(368,'Gordon Ahmed','1940-08-15','14 Southway Drive, Plymouth, PL6 6RF',68,'Dr. Sophia Parker'),(369,'Rhys Kaur','2000-11-07','18 Darwen Street, Blackburn, BB1 3AJ',69,'Dr. Nathan Roberts'),(370,'Iain Cooper','1996-05-09','14 Bedgrove Lane, Aylesbury, HP21 9AW',70,'Dr. Max Evans'),(371,'Dr Joe Green','1945-04-23','22 Borough Road, Middlesbrough, TS1 3BA',71,'Dr. Thomas Harris'),(372,'Mr Maurice Kelly','2017-12-08','16 Union Terrace, Aberdeen, AB10 1NN',72,'Dr. Isabelle Moore'),(373,'Ms Shirley Dawson','1971-09-03','30 St Enoch Square, Glasgow, G1 4AA',73,'Dr. Max Wilson'),(374,'Susan Shaw','1950-06-18','14 Bootham, York, YO30 7BL',74,'Dr. Rachel Lee'),(375,'Dr Diane Leonard','1950-07-27','10 Littleover Crescent, Derby, DE23 6JL',75,'Dr. Sophia Grant'),(376,'Mr Henry Day','2002-12-05','12 Newport Road, Milton Keynes, MK6 3BJ',76,'Dr. John Murphy'),(377,'James Rogers','1988-08-15','20 Cotham Hill, Bristol, BS6 6LF',77,'Dr. Lily Harris'),(378,'John Butler','1993-01-10','14 Balcombe Road, Haywards Heath, RH16 1AA',78,'Dr. Samuel Carter'),(379,'Keith Stewart-Dyer','1995-02-01','30 Falmouth Road, Truro, TR1 2BL',79,'Dr. Zoe Adams'),(380,'Elaine Kent-Knight','1947-05-11','10 Park Street, Luton, LU1 3HQ',80,'Dr. Emma White'),(381,'Lynn Stevens','2015-09-10','15 East Smithfield, London, E1W 1AP',81,'Dr. Daniel Cooper'),(382,'Mrs Kirsty Powell','1951-07-15','72 Canal Street, Manchester, M1 3WD',82,'Dr. Jack Thompson'),(383,'Maria Jones','2024-08-05','95 Borough High Street, London, SE1 1NL',83,'Dr. Isabelle Clark'),(384,'Denise Sharp','1979-11-12','42 Moseley Road, Birmingham, B12 0RT',84,'Dr. George Carter'),(385,'Aimee Bray','2013-02-20','10 Regent Street, Cambridge, CB2 1DB',85,'Dr. Emma Young'),(386,'Sandra Davison','1977-11-28','23 Cartwright Gardens, London, WC1H 9EE',86,'Dr. Lucas Bell'),(387,'Mrs Julia Mills','2018-01-21','30 Portswood Road, Southampton, SO17 2NJ',87,'Dr. Benjamin Scott'),(388,'Guy Robinson','2006-04-10','50 Jesmond Road, Newcastle, NE2 4PQ',88,'Dr. Charlotte Green'),(389,'Matthew Howard','1991-12-28','38 Handsworth Road, Birmingham, B21 8LL',89,'Dr. Joshua Mitchell'),(390,'Rebecca Scott','1942-06-04','18 Earlham Road, Norwich, NR2 3RT',90,'Dr. Abigail Bell'),(391,'Mr Liam Rogers','1993-11-18','25 Great George Street, Leeds, LS1 3AN',91,'Dr. Harry Wilson'),(392,'Katy Crawford','1990-11-12','12 Union Street, London, SE1 1SZ',92,'Dr. Natalie Evans'),(393,'Cameron Burgess','1951-06-03','35 Kensington High Street, London, W8 6SG',93,'Dr. George Robinson'),(394,'Duncan Lee','1983-10-03','14 Banbury Road, Oxford, OX2 6HU',94,'Dr. Hannah King'),(395,'Charlene Jones','1968-04-06','28 Camberwell Green, London, SE5 0BE',95,'Dr. William Allen'),(396,'Mr Kevin Reed','1949-03-21','10 Spring Bank, Hull, HU3 1AB',96,'Dr. Samuel Walker'),(397,'Dr Terence Hancock','2016-01-03','32 Park Street, Bristol, BS1 5JA',97,'Dr. Laura Clark'),(398,'Gemma Harris','2023-08-13','20 Bruntsfield Place, Edinburgh, EH10 4HF',98,'Dr. Victoria Adams'),(399,'Ms Amy Norman','2015-02-27','18 Commercial Street, Dundee, DD1 3EJ',99,'Dr. Ethan Clark'),(400,'Mr Maurice Saunders','2013-07-14','8 Derby Road, Nottingham, NG7 1PF',100,'Dr. Olivia Roberts'),(401,'Leslie Wilson','1949-05-14','22 Limehouse Street, London, E14 7BP',1,'Dr. Olivia Harris'),(402,'Dorothy Robinson','1991-06-16','35 Deansgate Square, Manchester, M3 4AW',2,'Dr. James Bennett'),(403,'Mr Connor Roberts','1965-10-09','78 Waterloo Road, London, SE1 8UD',3,'Dr. Sophia Walker'),(404,'Mr Aaron Marshall','1989-09-10','14 Harborne Lane, Birmingham, B29 6TU',4,'Dr. Daniel Lewis'),(405,'Rachel Smith','1993-05-07','5 Pembroke Street, Cambridge, CB2 3QY',5,'Dr. Jack Wilson'),(406,'Marian Warner','2011-01-13','30 Mecklenburgh Square, London, WC1N 2AA',6,'Dr. Ava Clarke'),(407,'Sam Clarke-Wilson','1991-07-04','18 Highfield Lane, Southampton, SO17 2TL',7,'Dr. Emily Turner'),(408,'Harry Thomas','1949-11-23','44 Gosforth Lane, Newcastle, NE3 3YQ',8,'Dr. William Scott'),(409,'Hazel Davies','1988-10-03','50 Small Heath Road, Birmingham, B10 0PL',9,'Dr. Jacob Moore'),(410,'William Tucker','1969-09-23','22 Magdalen Street, Norwich, NR3 1JU',10,'Dr. Emma Thompson'),(411,'Lee Rose','1994-07-18','14 East Parade, Leeds, LS1 2BH',11,'Dr. Lucas Green'),(412,'Iain Martin-Houghton','2004-03-04','11 Borough Road, London, SE1 0AJ',12,'Dr. Isla Carter'),(413,'Amelia Rees','1986-07-24','39 Cromwell Road, London, SW5 0TH',13,'Dr. Michael Adams'),(414,'Dr Lisa Gibson','1991-01-27','9 Headington Road, Oxford, OX3 7RE',14,'Dr. Lily Roberts'),(415,'Bryan Weston-Gordon','1967-10-05','16 Dulwich Road, London, SE24 0PA',15,'Dr. Matthew Young'),(416,'Mr Dennis Butler','1966-05-15','28 Cottingham Road, Hull, HU6 7RX',16,'Dr. Hannah Parker'),(417,'Dr Lawrence Pearson','1994-04-16','19 Clifton Down Road, Bristol, BS8 4LN',17,'Dr. Jack Evans'),(418,'Mr Dean Morrison','1953-09-06','12 Inverleith Row, Edinburgh, EH3 5LS',18,'Dr. Charlotte King'),(419,'Dr Pamela Thomas','1980-05-06','8 Tay Street, Dundee, DD1 1PB',19,'Dr. Joshua Scott'),(420,'Jean Wilkinson-Perkins','2000-09-13','6 Beeston Lane, Nottingham, NG7 2ND',20,'Dr. Sarah Morgan'),(421,'Aaron Thomas','2022-07-27','32 Swiss Cottage Lane, London, NW3 6QH',21,'Dr. Alice Bell'),(422,'Marc Parker','1955-04-18','45 Jesmond Vale, Newcastle, NE2 1PG',22,'Dr. Samuel White'),(423,'Thomas Clark-Smith','1974-09-02','14 Sauchiehall Street, Glasgow, G2 3EH',23,'Dr. Benjamin Harris'),(424,'Miss Georgia Wilson','1968-03-07','26 Marine Parade, Brighton, BN2 1TL',24,'Dr. Amelia Martinez'),(425,'Mrs Hollie Carpenter','1966-12-21','24 Tooting Broadway, London, SW17 0RJ',25,'Dr. Ethan Cooper'),(426,'Sean Green','1973-11-16','42 Gatley Road, Manchester, M22 4RT',26,'Dr. Natalie Mitchell'),(427,'Ms Leanne Clarke','1944-09-24','10 Uplands Crescent, Swansea, SA2 0PA',27,'Dr. Oliver Clark'),(428,'Dr Lawrence Lloyd','1942-04-16','20 Mutley Plain, Plymouth, PL4 6JS',28,'Dr. Mia Robinson'),(429,'Harriet Powell-Perkins','1979-03-14','15 Ribbleton Avenue, Blackburn, BB2 6RB',29,'Dr. Lucas Moore'),(430,'Kathryn Greenwood','2020-09-23','18 Stoke Road, Aylesbury, HP20 2PL',30,'Dr. Sophia Allen'),(431,'Jonathan Dyer','2010-04-21','28 Newport Road, Middlesbrough, TS1 5AD',31,'Dr. Noah Carter'),(432,'Dr Darren Summers','2015-12-06','22 Crown Street, Aberdeen, AB11 6HX',32,'Dr. Ava Morgan'),(433,'Dr Frank Jordan','1966-02-01','16 Govan Road, Glasgow, G51 1HS',33,'Dr. Henry King'),(434,'Louise Anderson-Hill','2006-02-16','14 Walmgate, York, YO1 9TL',34,'Dr. Clara Mitchell'),(435,'Dr Max Burton','1987-04-07','19 Mickleover Drive, Derby, DE3 0TX',35,'Dr. Victoria Gray'),(436,'Dr Joyce West','1998-06-14','8 Fenny Stratford Road, Milton Keynes, MK2 2DT',36,'Dr. Patrick Smith'),(437,'Kenneth Chan','1955-06-02','14 Whiteladies Road, Bristol, BS8 2NT',37,'Dr. Daniel Harris'),(438,'Miss Kim Jackson','1988-01-05','16 London Road, Haywards Heath, RH16 4NH',38,'Dr. Ella Roberts'),(439,'Wendy Riley-Brown','1941-11-18','18 Pydar Street, Truro, TR1 2AY',39,'Dr. Benjamin Lewis'),(440,'Trevor Singh','1992-02-26','9 Castle Street, Luton, LU1 3AJ',40,'Dr. Elizabeth Scott'),(441,'Catherine Anderson','2016-08-22','22 Limehouse Street, London, E14 7BP',41,'Dr. Oliver Walker'),(442,'Marion Murphy','1980-11-27','35 Deansgate Square, Manchester, M3 4AW',42,'Dr. Lily Collins'),(443,'Francis Ryan-Nash','1997-09-21','78 Waterloo Road, London, SE1 8UD',43,'Dr. Ethan Mitchell'),(444,'Stewart Evans','1996-05-22','14 Harborne Lane, Birmingham, B29 6TU',44,'Dr. Sophie Bell'),(445,'Vanessa Davies','1986-10-20','5 Pembroke Street, Cambridge, CB2 3QY',45,'Dr. George Green'),(446,'Joan Lloyd','1981-07-14','30 Mecklenburgh Square, London, WC1N 2AA',46,'Dr. Jack Turner'),(447,'Alison Coates','2023-04-10','18 Highfield Lane, Southampton, SO17 2TL',47,'Dr. Olivia Evans'),(448,'Alison Carpenter','1996-07-16','44 Gosforth Lane, Newcastle, NE3 3YQ',48,'Dr. Zachary Clark'),(449,'Harriet Taylor','1961-12-27','50 Small Heath Road, Birmingham, B10 0PL',49,'Dr. Leah Robinson'),(450,'Mr Duncan Walsh','1973-03-09','22 Magdalen Street, Norwich, NR3 1JU',50,'Dr. Samuel Williams'),(451,'Henry Johnson','1969-07-18','14 East Parade, Leeds, LS1 2BH',51,'Dr. Isla Phillips'),(452,'Dr Jade Davidson','1982-05-20','11 Borough Road, London, SE1 0AJ',52,'Dr. Nathaniel Davis'),(453,'Patrick Davies','1989-10-19','39 Cromwell Road, London, SW5 0TH',53,'Dr. Abigail James'),(454,'Josephine Riley','1974-11-15','9 Headington Road, Oxford, OX3 7RE',54,'Dr. Hugo White'),(455,'Naomi Harding','1968-03-23','16 Dulwich Road, London, SE24 0PA',55,'Dr. Olivia Phillips'),(456,'Albert Walker','2022-01-16','28 Cottingham Road, Hull, HU6 7RX',56,'Dr. William Adams'),(457,'Francesca Ward','2003-07-01','19 Clifton Down Road, Bristol, BS8 4LN',57,'Dr. Lucy Wright'),(458,'Leanne Young','1986-11-18','12 Inverleith Row, Edinburgh, EH3 5LS',58,'Dr. Marcus Clark'),(459,'Mr Barry Green','1962-03-16','8 Tay Street, Dundee, DD1 1PB',59,'Dr. Amelia Grant'),(460,'Aimee Rogers','1942-08-09','6 Beeston Lane, Nottingham, NG7 2ND',60,'Dr. Richard Cooper'),(461,'Mr Benjamin Reynolds','1964-01-06','32 Swiss Cottage Lane, London, NW3 6QH',61,'Dr. Matthew Bell'),(462,'Andrew Bird','1947-12-08','45 Jesmond Vale, Newcastle, NE2 1PG',62,'Dr. Sophie Turner'),(463,'Carolyn Wilson-Wilson','2003-01-28','14 Sauchiehall Street, Glasgow, G2 3EH',63,'Dr. Joshua White'),(464,'Benjamin Evans','1977-11-04','26 Marine Parade, Brighton, BN2 1TL',64,'Dr. Daniel Lee'),(465,'Helen Wallis','2018-10-20','24 Tooting Broadway, London, SW17 0RJ',65,'Dr. Grace Morris'),(466,'Jill Patel','1949-10-11','42 Gatley Road, Manchester, M22 4RT',66,'Dr. James Hughes'),(467,'Mrs Rita Williams','1944-10-10','10 Uplands Crescent, Swansea, SA2 0PA',67,'Dr. Emily Collins'),(468,'Dr Carol Edwards','1995-10-10','20 Mutley Plain, Plymouth, PL4 6JS',68,'Dr. Sophia Parker'),(469,'Andrew Hancock','2023-06-22','15 Ribbleton Avenue, Blackburn, BB2 6RB',69,'Dr. Nathan Roberts'),(470,'Francis Owen','1940-08-02','18 Stoke Road, Aylesbury, HP20 2PL',70,'Dr. Max Evans'),(471,'Mr William Scott','1983-03-22','28 Newport Road, Middlesbrough, TS1 5AD',71,'Dr. Thomas Harris'),(472,'Mr Glenn Carey','2019-07-01','22 Crown Street, Aberdeen, AB11 6HX',72,'Dr. Isabelle Moore'),(473,'Diana May','1977-03-24','16 Govan Road, Glasgow, G51 1HS',73,'Dr. Max Wilson'),(474,'Steven Howell','1964-08-17','14 Walmgate, York, YO1 9TL',74,'Dr. Rachel Lee'),(475,'Alice Summers','1940-09-16','19 Mickleover Drive, Derby, DE3 0TX',75,'Dr. Sophia Grant'),(476,'Mrs Natalie Brennan','1989-09-07','8 Fenny Stratford Road, Milton Keynes, MK2 2DT',76,'Dr. John Murphy'),(477,'Mr Timothy Anderson','1994-04-21','14 Whiteladies Road, Bristol, BS8 2NT',77,'Dr. Lily Harris'),(478,'Bethan Lambert','1964-05-24','16 London Road, Haywards Heath, RH16 4NH',78,'Dr. Samuel Carter'),(479,'Eileen Graham','1943-11-10','18 Pydar Street, Truro, TR1 2AY',79,'Dr. Zoe Adams'),(480,'Damien Richards','2005-06-19','9 Castle Street, Luton, LU1 3AJ',80,'Dr. Emma White'),(481,'Mr Samuel Carter','2006-03-14','22 Limehouse Street, London, E14 7BP',81,'Dr. Daniel Cooper'),(482,'Mark Chapman','1961-02-13','35 Deansgate Square, Manchester, M3 4AW',82,'Dr. Jack Thompson'),(483,'Kelly Lawson','1948-01-12','78 Waterloo Road, London, SE1 8UD',83,'Dr. Isabelle Clark'),(484,'Mr Kenneth Gould','2023-04-18','14 Harborne Lane, Birmingham, B29 6TU',84,'Dr. George Carter'),(485,'Guy Evans-Connor','1996-09-15','5 Pembroke Street, Cambridge, CB2 3QY',85,'Dr. Emma Young'),(486,'Linda Craig','1995-02-04','30 Mecklenburgh Square, London, WC1N 2AA',86,'Dr. Lucas Bell'),(487,'Martyn Martin','1995-01-18','18 Highfield Lane, Southampton, SO17 2TL',87,'Dr. Benjamin Scott'),(488,'Linda Smith-Cross','1940-07-07','44 Gosforth Lane, Newcastle, NE3 3YQ',88,'Dr. Charlotte Green'),(489,'Natalie Waters','1962-01-08','50 Small Heath Road, Birmingham, B10 0PL',89,'Dr. Joshua Mitchell'),(490,'Valerie Young-Middleton','2024-02-25','22 Magdalen Street, Norwich, NR3 1JU',90,'Dr. Abigail Bell'),(491,'Mr Christopher Booth','1999-06-19','14 East Parade, Leeds, LS1 2BH',91,'Dr. Harry Wilson'),(492,'Miss Jayne Conway','2000-03-03','11 Borough Road, London, SE1 0AJ',92,'Dr. Natalie Evans'),(493,'Sandra Page','1956-05-04','39 Cromwell Road, London, SW5 0TH',93,'Dr. George Robinson'),(494,'Abdul Taylor','1997-08-05','9 Headington Road, Oxford, OX3 7RE',94,'Dr. Hannah King'),(495,'Lydia Woods','2021-05-11','16 Dulwich Road, London, SE24 0PA',95,'Dr. William Allen'),(496,'Gemma Morgan','2021-08-15','28 Cottingham Road, Hull, HU6 7RX',96,'Dr. Samuel Walker'),(497,'Justin Higgins','1985-06-24','19 Clifton Down Road, Bristol, BS8 4LN',97,'Dr. Laura Clark'),(498,'Gail Stewart-Williams','1965-07-07','12 Inverleith Row, Edinburgh, EH3 5LS',98,'Dr. Victoria Adams'),(499,'Adrian Rahman','1990-09-09','8 Tay Street, Dundee, DD1 1PB',99,'Dr. Ethan Clark'),(500,'Natalie Smith','1974-07-13','6 Beeston Lane, Nottingham, NG7 2ND',100,'Dr. Olivia Roberts'),(501,'Jade Mason','1958-01-17','12 Whitechapel Road, London, E1 1DT',1,'Dr. Olivia Harris'),(502,'Garry Webb','1995-12-14','28 Spinningfields, Manchester, M3 3EB',2,'Dr. James Bennett'),(503,'June Allen','1985-09-09','65 Westminster Bridge Road, London, SE1 7HS',3,'Dr. Sophia Walker'),(504,'Dominic Richards-Hill','1983-01-22','20 Bournville Lane, Birmingham, B30 2LU',4,'Dr. Daniel Lewis'),(505,'Jayne Clark-Banks','1952-12-14','8 Kings Parade, Cambridge, CB2 1SJ',5,'Dr. Jack Wilson'),(506,'Mrs Harriet Slater','1986-07-12','42 Tavistock Square, London, WC1H 9EX',6,'Dr. Ava Clarke'),(507,'Mr Stephen Begum','1940-09-15','25 Shirley High Street, Southampton, SO15 3NF',7,'Dr. Emily Turner'),(508,'Lawrence Green-Davies','1990-07-18','16 Jesmond Park West, Newcastle, NE7 7BY',8,'Dr. William Scott'),(509,'Allan Little','1945-01-18','14 Edgbaston Park Road, Birmingham, B15 2RT',9,'Dr. Jacob Moore'),(510,'Craig Cooke','1951-03-05','10 Prince of Wales Road, Norwich, NR1 1NJ',10,'Dr. Emma Thompson'),(511,'Rosie Craig','1993-04-04','19 Park Row, Leeds, LS1 5HA',11,'Dr. Lucas Green'),(512,'Mrs Fiona Cole','1985-05-09','7 Tooley Street, London, SE1 2PF',12,'Dr. Isla Carter'),(513,'Mary Clarke','1977-08-10','38 Brompton Road, London, SW3 1ER',13,'Dr. Michael Adams'),(514,'Frederick Curtis','1941-12-28','13 Botley Road, Oxford, OX2 0AB',14,'Dr. Lily Roberts'),(515,'Jemma Powell','1962-01-27','20 Peckham Rye, London, SE15 4JR',15,'Dr. Matthew Young'),(516,'Miss Helen Shepherd','1942-10-08','17 Beverley Road, Hull, HU3 1YA',16,'Dr. Hannah Parker'),(517,'Lawrence Jones-Jennings','1959-06-07','9 Stokes Croft, Bristol, BS1 3PL',17,'Dr. Jack Evans'),(518,'Pauline Reid','1973-09-13','11 Queen Street, Edinburgh, EH2 1JD',18,'Dr. Charlotte King'),(519,'Brenda Leonard-Bennett','1969-10-12','21 West Marketgait, Dundee, DD1 1QR',19,'Dr. Joshua Scott'),(520,'Dr Mary Fraser','1975-11-02','5 Lenton Boulevard, Nottingham, NG7 2BE',20,'Dr. Sarah Morgan'),(521,'Kate Hooper-Middleton','1948-09-22','8 Chalk Farm Road, London, NW1 8JY',21,'Dr. Alice Bell'),(522,'Jake Warren','1971-09-25','29 Sandyford Road, Newcastle, NE2 1RN',22,'Dr. Samuel White'),(523,'Elliott Bennett','1992-10-28','18 Argyle Street, Glasgow, G2 8BJ',23,'Dr. Benjamin Harris'),(524,'Ashleigh Lambert','1969-03-16','33 Western Road, Brighton, BN1 2EB',24,'Dr. Amelia Martinez'),(525,'Shane Cross','1964-03-03','40 Balham High Road, London, SW12 9AA',25,'Dr. Ethan Cooper'),(526,'Lynne Robinson-Cox','1995-03-09','17 Wilmslow Road, Manchester, M14 5AS',26,'Dr. Natalie Mitchell'),(527,'Lindsey Chambers','1943-07-21','14 Singleton Street, Swansea, SA1 3QJ',27,'Dr. Oliver Clark'),(528,'Timothy Pratt','1999-10-08','12 Drake Circus, Plymouth, PL4 8AE',28,'Dr. Mia Robinson'),(529,'Teresa Collins','1990-03-13','22 Burnley Road, Blackburn, BB1 3HB',29,'Dr. Lucas Moore'),(530,'Dr Gemma Peters','1959-12-27','18 Wendover Way, Aylesbury, HP21 7SY',30,'Dr. Sophia Allen'),(531,'Mark Shaw','2000-09-28','8 Wilson Street, Middlesbrough, TS1 1RP',31,'Dr. Noah Carter'),(532,'Cheryl Gilbert-Fleming','1974-01-25','26 Rosemount Place, Aberdeen, AB25 2XR',32,'Dr. Ava Morgan'),(533,'Mr Reece Williams','1945-04-03','14 Clydeside Road, Glasgow, G51 4FB',33,'Dr. Henry King'),(534,'Mr Graeme Davies','2000-02-14','7 Fossgate, York, YO1 9TA',34,'Dr. Clara Mitchell'),(535,'Frederick Smith','2000-06-19','18 Chaddesden Lane, Derby, DE21 6LP',35,'Dr. Victoria Gray'),(536,'Alison Dunn-Rogers','1973-02-19','9 Wolverton Road, Milton Keynes, MK12 5LY',36,'Dr. Patrick Smith'),(537,'Darren Faulkner','1969-06-01','11 Gloucester Road, Bristol, BS7 8AT',37,'Dr. Daniel Harris'),(538,'Mr Leigh Burns','2000-06-25','14 Perrymount Road, Haywards Heath, RH16 3DR',38,'Dr. Ella Roberts'),(539,'Mrs Jodie Edwards','2018-12-22','10 Kenwyn Street, Truro, TR1 3DL',39,'Dr. Benjamin Lewis'),(540,'Ms Bethany ONeill','2022-04-15','8 New Bedford Road, Luton, LU1 1HW',40,'Dr. Elizabeth Scott'),(541,'Dominic Nolan','1999-01-12','12 Whitechapel Road, London, E1 1DT',41,'Dr. Oliver Walker'),(542,'Dr Cameron Lewis','1970-03-20','28 Spinningfields, Manchester, M3 3EB',42,'Dr. Lily Collins'),(543,'Ryan Allen','2020-08-09','65 Westminster Bridge Road, London, SE1 7HS',43,'Dr. Ethan Mitchell'),(544,'Mr Gerard Ball','1961-05-28','20 Bournville Lane, Birmingham, B30 2LU',44,'Dr. Sophie Bell'),(545,'Mr Craig Johnson','1973-01-26','8 Kings Parade, Cambridge, CB2 1SJ',45,'Dr. George Green'),(546,'Elaine Howard','2000-10-14','42 Tavistock Square, London, WC1H 9EX',46,'Dr. Jack Turner'),(547,'Kathleen Potter','2004-11-04','25 Shirley High Street, Southampton, SO15 3NF',47,'Dr. Olivia Evans'),(548,'Patrick Wheeler-Young','2013-07-06','16 Jesmond Park West, Newcastle, NE7 7BY',48,'Dr. Zachary Clark'),(549,'Adam Bradley','2003-07-10','14 Edgbaston Park Road, Birmingham, B15 2RT',49,'Dr. Leah Robinson'),(550,'Dr Amelia Brooks','2015-03-26','10 Prince of Wales Road, Norwich, NR1 1NJ',50,'Dr. Samuel Williams'),(551,'Vincent Harper','1949-02-26','19 Park Row, Leeds, LS1 5HA',51,'Dr. Isla Phillips'),(552,'Eileen Wilson','1960-08-07','7 Tooley Street, London, SE1 2PF',52,'Dr. Nathaniel Davis'),(553,'Clifford Allen','1992-11-21','38 Brompton Road, London, SW3 1ER',53,'Dr. Abigail James'),(554,'Rachel Shaw','1986-07-03','13 Botley Road, Oxford, OX2 0AB',54,'Dr. Hugo White'),(555,'Kelly Gibbons','1994-10-12','20 Peckham Rye, London, SE15 4JR',55,'Dr. Olivia Phillips'),(556,'Jenna Brown','2006-04-13','17 Beverley Road, Hull, HU3 1YA',56,'Dr. William Adams'),(557,'Mr George Woods','1958-02-08','9 Stokes Croft, Bristol, BS1 3PL',57,'Dr. Lucy Wright'),(558,'Rosie Jones','1989-04-01','11 Queen Street, Edinburgh, EH2 1JD',58,'Dr. Marcus Clark'),(559,'Tracy Adams','1986-12-18','21 West Marketgait, Dundee, DD1 1QR',59,'Dr. Amelia Grant'),(560,'Leanne Webb','1972-07-15','5 Lenton Boulevard, Nottingham, NG7 2BE',60,'Dr. Richard Cooper'),(561,'Claire Hilton','1984-01-18','8 Chalk Farm Road, London, NW1 8JY',61,'Dr. Matthew Bell'),(562,'Dr Aaron Woods','1994-02-28','29 Sandyford Road, Newcastle, NE2 1RN',62,'Dr. Sophie Turner'),(563,'Gerald Bird','2024-11-26','18 Argyle Street, Glasgow, G2 8BJ',63,'Dr. Joshua White'),(564,'Claire Miller','1976-03-14','33 Western Road, Brighton, BN1 2EB',64,'Dr. Daniel Lee'),(565,'Samantha Bennett','2021-03-11','40 Balham High Road, London, SW12 9AA',65,'Dr. Grace Morris'),(566,'Amy Robinson','2017-09-21','17 Wilmslow Road, Manchester, M14 5AS',66,'Dr. James Hughes'),(567,'Mr Shane Roberts','2014-05-17','14 Singleton Street, Swansea, SA1 3QJ',67,'Dr. Emily Collins'),(568,'Vincent Savage','1962-05-24','12 Drake Circus, Plymouth, PL4 8AE',68,'Dr. Sophia Parker'),(569,'Yvonne Patel','1980-05-23','22 Burnley Road, Blackburn, BB1 3HB',69,'Dr. Nathan Roberts'),(570,'Sam Lawson-Wood','1955-11-05','18 Wendover Way, Aylesbury, HP21 7SY',70,'Dr. Max Evans'),(571,'Reece Armstrong','1983-07-12','8 Wilson Street, Middlesbrough, TS1 1RP',71,'Dr. Thomas Harris'),(572,'Lewis Thornton','2014-11-18','26 Rosemount Place, Aberdeen, AB25 2XR',72,'Dr. Isabelle Moore'),(573,'Nicole Brown-Chapman','1985-07-28','14 Clydeside Road, Glasgow, G51 4FB',73,'Dr. Max Wilson'),(574,'Dr Lawrence Howard','2003-06-15','7 Fossgate, York, YO1 9TA',74,'Dr. Rachel Lee'),(575,'Melanie Green','2003-04-02','18 Chaddesden Lane, Derby, DE21 6LP',75,'Dr. Sophia Grant'),(576,'Miss Teresa Chan','1946-10-09','9 Wolverton Road, Milton Keynes, MK12 5LY',76,'Dr. John Murphy'),(577,'Dr Toby Brown','2011-05-03','11 Gloucester Road, Bristol, BS7 8AT',77,'Dr. Lily Harris'),(578,'Helen Wood-Harding','1973-03-24','14 Perrymount Road, Haywards Heath, RH16 3DR',78,'Dr. Samuel Carter'),(579,'Josephine Adams','1969-02-23','10 Kenwyn Street, Truro, TR1 3DL',79,'Dr. Zoe Adams'),(580,'Gary Townsend','1957-05-09','8 New Bedford Road, Luton, LU1 1HW',80,'Dr. Emma White'),(581,'Denis White','2002-01-08','12 Whitechapel Road, London, E1 1DT',81,'Dr. Daniel Cooper'),(582,'Gavin Woods','1940-10-26','28 Spinningfields, Manchester, M3 3EB',82,'Dr. Jack Thompson'),(583,'Mr Adrian Jones','1941-09-12','65 Westminster Bridge Road, London, SE1 7HS',83,'Dr. Isabelle Clark'),(584,'Martin Mitchell','2014-08-05','20 Bournville Lane, Birmingham, B30 2LU',84,'Dr. George Carter'),(585,'Dr Tony Bishop','1968-03-28','8 Kings Parade, Cambridge, CB2 1SJ',85,'Dr. Emma Young'),(586,'Louise Clark','1991-04-04','42 Tavistock Square, London, WC1H 9EX',86,'Dr. Lucas Bell'),(587,'Christopher Goodwin','1983-10-02','25 Shirley High Street, Southampton, SO15 3NF',87,'Dr. Benjamin Scott'),(588,'Miss Stephanie Harvey','1985-05-09','16 Jesmond Park West, Newcastle, NE7 7BY',88,'Dr. Charlotte Green'),(589,'Charlene Campbell','1997-04-01','14 Edgbaston Park Road, Birmingham, B15 2RT',89,'Dr. Joshua Mitchell'),(590,'Mrs Kelly Pugh','2023-03-21','10 Prince of Wales Road, Norwich, NR1 1NJ',90,'Dr. Abigail Bell'),(591,'Dr Vanessa Payne','2012-08-02','19 Park Row, Leeds, LS1 5HA',91,'Dr. Harry Wilson'),(592,'Dr Sharon Webb','1959-11-27','7 Tooley Street, London, SE1 2PF',92,'Dr. Natalie Evans'),(593,'Lorraine Smith','1968-06-10','38 Brompton Road, London, SW3 1ER',93,'Dr. George Robinson'),(594,'Jeremy Richardson','2001-09-10','13 Botley Road, Oxford, OX2 0AB',94,'Dr. Hannah King'),(595,'Mr Kyle Oliver','1941-08-10','20 Peckham Rye, London, SE15 4JR',95,'Dr. William Allen'),(596,'Jack Williams','1940-12-19','17 Beverley Road, Hull, HU3 1YA',96,'Dr. Samuel Walker'),(597,'Amber Begum','1951-02-11','9 Stokes Croft, Bristol, BS1 3PL',97,'Dr. Laura Clark'),(598,'Dr Sara Sharp','1955-10-11','11 Queen Street, Edinburgh, EH2 1JD',98,'Dr. Victoria Adams'),(599,'Dr Tony Page','2023-11-27','21 West Marketgait, Dundee, DD1 1QR',99,'Dr. Ethan Clark'),(600,'Marilyn Adams','2014-01-08','5 Lenton Boulevard, Nottingham, NG7 2BE',100,'Dr. Olivia Roberts'),(601,'Sophie Matthews','1987-03-14','42 Greenway Rd, Dundee, DD4 8UJ ',19,'Dr. Joshua Scott');
/*!40000 ALTER TABLE `patients` ENABLE KEYS */;
UNLOCK TABLES;

--
-- Table structure for table `prescriptions`
--

DROP TABLE IF EXISTS `prescriptions`;
/*!40101 SET @saved_cs_client     = @@character_set_client */;
/*!50503 SET character_set_client = utf8mb4 */;
CREATE TABLE `prescriptions` (
  `Prescription_ID` int unsigned NOT NULL AUTO_INCREMENT,
  `Patient_ID` int unsigned NOT NULL,
  `Patient_Name` varchar(150) NOT NULL,
  `Medication_ID` int unsigned NOT NULL,
  `Medication_Name` varchar(150) NOT NULL,
  `Doctor_ID` int unsigned NOT NULL,
  `Doctor_Name` varchar(150) NOT NULL,
  `Prescription_Date` date NOT NULL,
  PRIMARY KEY (`Prescription_ID`),
  KEY `Patient_ID` (`Patient_ID`),
  KEY `Doctor_ID` (`Doctor_ID`),
  KEY `Medication_ID` (`Medication_ID`),
  CONSTRAINT `prescriptions_ibfk_1` FOREIGN KEY (`Patient_ID`) REFERENCES `patients` (`Patient_ID`),
  CONSTRAINT `prescriptions_ibfk_2` FOREIGN KEY (`Doctor_ID`) REFERENCES `doctors` (`Doctor_ID`),
  CONSTRAINT `prescriptions_ibfk_3` FOREIGN KEY (`Medication_ID`) REFERENCES `medications` (`Medication_ID`)
) ENGINE=InnoDB AUTO_INCREMENT=501 DEFAULT CHARSET=utf8mb4 COLLATE=utf8mb4_0900_ai_ci;
/*!40101 SET character_set_client = @saved_cs_client */;

--
-- Dumping data for table `prescriptions`
--

LOCK TABLES `prescriptions` WRITE;
/*!40000 ALTER TABLE `prescriptions` DISABLE KEYS */;
INSERT INTO `prescriptions` VALUES (1,166,'Mohammed Hart-Gray',22,'Citalopram',66,'Dr. James Hughes','2023-12-12'),(2,311,'Naomi Jones',61,'Remdesivir',11,'Dr. Lucas Green','2023-05-02'),(3,250,'Natalie Reed',15,'Losartan',50,'Dr. Samuel Williams','2023-06-04'),(4,345,'Claire Clarke',26,'Clonazepam',45,'Dr. George Green','2023-07-09'),(5,363,'Anthony Warren',66,'Hydrocortisone',63,'Dr. Joshua White','2024-08-13'),(6,71,'Dr Darren Pearce',31,'Loratadine',71,'Dr. Thomas Harris','2024-03-16'),(7,247,'Dr Rosie Reed',36,'Alendronate',47,'Dr. Olivia Evans','2023-03-26'),(8,106,'Mr Brandon Harvey',58,'Azithromycin',6,'Dr. Ava Clarke','2023-01-12'),(9,198,'Dr Jodie Owens',35,'Tiotropium',98,'Dr. Victoria Adams','2023-05-18'),(10,566,'Amy Robinson',86,'Interferon',66,'Dr. James Hughes','2023-12-05'),(11,408,'Harry Thomas',99,'Amoxicillin',8,'Dr. William Scott','2024-01-24'),(12,164,'Ms Charlotte Hill',48,'Appendectomy',64,'Dr. Daniel Lee','2024-09-07'),(13,99,'Mr Gareth Byrne',14,'Ciprofloxacin',99,'Dr. Ethan Clark','2023-10-01'),(14,254,'Dr Charlotte Marshall',81,'Chemotherapy',54,'Dr. Hugo White','2024-10-21'),(15,505,'Jayne Clark-Banks',87,'Acetaminophen',5,'Dr. Jack Wilson','2023-05-02'),(16,381,'Lynn Stevens',56,'Liver Transplant',81,'Dr. Daniel Cooper','2024-12-16'),(17,546,'Elaine Howard',16,'Furosemide',46,'Dr. Jack Turner','2023-08-18'),(18,231,'Teresa Jones',26,'Clonazepam',31,'Dr. Noah Carter','2024-12-05'),(19,204,'Dr Paul Taylor',97,'Tissue Plasminogen Activator',4,'Dr. Daniel Lewis','2024-03-28'),(20,352,'Dr Gordon Rowe',46,'Tretinoin',52,'Dr. Nathaniel Davis','2024-03-09'),(21,184,'Dr Roger Kelly',71,'Cetirizine',84,'Dr. George Carter','2024-06-09'),(22,492,'Miss Jayne Conway',88,'Alendronate',92,'Dr. Natalie Evans','2024-04-15'),(23,185,'Mr Neil Wood',14,'Ciprofloxacin',85,'Dr. Emma Young','2023-08-04'),(24,50,'Ms Melanie Jones',11,'Amlodipine',50,'Dr. Samuel Williams','2024-09-07'),(25,96,'Mr Christopher Arnold',8,'Prednisone',96,'Dr. Samuel Walker','2023-03-10'),(26,560,'Leanne Webb',19,'Hydrochlorothiazide',60,'Dr. Richard Cooper','2024-03-09'),(27,116,'Mr Mitchell Nash',23,'Fluoxetine',16,'Dr. Hannah Parker','2024-01-23'),(28,377,'James Rogers',77,'Methimazole',77,'Dr. Lily Harris','2023-02-08'),(29,378,'John Butler',6,'Lisinopril',78,'Dr. Samuel Carter','2024-02-01'),(30,479,'Eileen Graham',8,'Prednisone',79,'Dr. Zoe Adams','2024-12-31'),(31,91,'Zoe Leach',86,'Interferon',91,'Dr. Harry Wilson','2024-09-15'),(32,15,'Dr Patrick Ellis',49,'Albuterol',15,'Dr. Matthew Young','2023-02-05'),(33,328,'Wayne OBrien',66,'Hydrocortisone',28,'Dr. Mia Robinson','2023-01-15'),(34,30,'Jason Jones',27,'Bupropion',30,'Dr. Sophia Allen','2023-07-07'),(35,125,'June Foster',65,'Gabapentin',25,'Dr. Ethan Cooper','2024-11-27'),(36,295,'Ms Amy Greenwood',17,'Gabapentin',95,'Dr. William Allen','2024-06-05'),(37,49,'William Ford',79,'Loperamide',49,'Dr. Leah Robinson','2023-08-05'),(38,241,'Lorraine Thorpe',33,'Lamotrigine',41,'Dr. Oliver Walker','2024-07-05'),(39,154,'Graham Fisher',4,'Amoxicillin',54,'Dr. Hugo White','2023-10-03'),(40,194,'Craig Clayton-Wade',93,'Olanzapine',94,'Dr. Hannah King','2024-06-26'),(41,21,'Gareth Parker-Clarke',16,'Furosemide',21,'Dr. Alice Bell','2023-01-17'),(42,272,'Alex Kay',4,'Amoxicillin',72,'Dr. Isabelle Moore','2024-07-10'),(43,160,'Carol Howell-Allen',39,'Allopurinol',60,'Dr. Richard Cooper','2024-02-21'),(44,365,'Mr Thomas Parker',39,'Allopurinol',65,'Dr. Grace Morris','2024-05-28'),(45,275,'Conor Bailey',92,'Permethrin',75,'Dr. Sophia Grant','2023-08-23'),(46,97,'Mr Bryan Jones',96,'Omeprazole',97,'Dr. Laura Clark','2023-09-23'),(47,137,'Sara Parsons',51,'Cryotherapy',37,'Dr. Daniel Harris','2023-02-03'),(48,415,'Bryan Weston-Gordon',21,'Fentanyl',15,'Dr. Matthew Young','2023-02-17'),(49,313,'Joan Tomlinson',73,'Tenofovir',13,'Dr. Michael Adams','2023-02-07'),(50,260,'Jane Goddard',18,'Lorazepam',60,'Dr. Richard Cooper','2023-11-28'),(51,260,'Jane Goddard',90,'Calcipotriene',60,'Dr. Richard Cooper','2024-11-27'),(52,253,'Mr Christopher Williamson',27,'Bupropion',53,'Dr. Abigail James','2023-06-26'),(53,392,'Katy Crawford',84,'Estrogen',92,'Dr. Natalie Evans','2024-05-24'),(54,77,'Dr Lawrence Kaur',51,'Cryotherapy',77,'Dr. Lily Harris','2024-11-01'),(55,70,'Miss Jennifer Woods',6,'Lisinopril',70,'Dr. Max Evans','2024-02-01'),(56,7,'Paul Brown-Hunter',2,'Ibuprofen',7,'Dr. Emily Turner','2024-09-07'),(57,203,'Katherine Shaw',76,'Lisinopril',3,'Dr. Sophia Walker','2024-02-18'),(58,576,'Miss Teresa Chan',6,'Lisinopril',76,'Dr. John Murphy','2023-05-05'),(59,463,'Carolyn Wilson-Wilson',5,'Metformin',63,'Dr. Joshua White','2023-09-07'),(60,520,'Dr Mary Fraser',2,'Ibuprofen',20,'Dr. Sarah Morgan','2023-10-29'),(61,586,'Louise Clark',58,'Azithromycin',86,'Dr. Lucas Bell','2024-03-17'),(62,190,'Alison Parkes',44,'Iron Supplements',90,'Dr. Abigail Bell','2024-03-25'),(63,572,'Lewis Thornton',32,'Rosuvastatin',72,'Dr. Isabelle Moore','2024-09-28'),(64,484,'Mr Kenneth Gould',6,'Lisinopril',84,'Dr. George Carter','2023-11-29'),(65,597,'Amber Begum',47,'Iron Supplements',97,'Dr. Laura Clark','2023-08-17'),(66,432,'Dr Darren Summers',16,'Furosemide',32,'Dr. Ava Morgan','2024-01-25'),(67,271,'Barbara Lawrence',30,'Clopidogrel',71,'Dr. Thomas Harris','2024-08-27'),(68,75,'Mrs Joan Duffy',39,'Allopurinol',75,'Dr. Sophia Grant','2023-07-12'),(69,154,'Graham Fisher',11,'Amlodipine',54,'Dr. Hugo White','2023-09-25'),(70,34,'Elliott Wyatt',7,'Atorvastatin',34,'Dr. Clara Mitchell','2024-08-13'),(71,239,'Dr Alice Roberts',93,'Olanzapine',39,'Dr. Benjamin Lewis','2024-06-22'),(72,296,'Ms Christine Cooper',40,'Methotrexate',96,'Dr. Samuel Walker','2023-11-05'),(73,280,'Donna Jennings',31,'Loratadine',80,'Dr. Emma White','2024-08-05'),(74,117,'Sarah Harvey',82,'Hydroxychloroquine',17,'Dr. Jack Evans','2024-08-26'),(75,530,'Dr Gemma Peters',17,'Gabapentin',30,'Dr. Sophia Allen','2024-08-30'),(76,180,'Rosie James',68,'Clotrimazole',80,'Dr. Emma White','2023-07-22'),(77,22,'Charles Evans',99,'Amoxicillin',22,'Dr. Samuel White','2024-06-23'),(78,168,'Stephen Hill',63,'Paracetamol',68,'Dr. Sophia Parker','2023-01-11'),(79,63,'Mr Benjamin Smith',86,'Interferon',63,'Dr. Joshua White','2024-03-08'),(80,237,'Alexandra Hughes',88,'Alendronate',37,'Dr. Daniel Harris','2024-11-27'),(81,397,'Dr Terence Hancock',54,'Antidepressants',97,'Dr. Laura Clark','2024-02-21'),(82,470,'Francis Owen',2,'Ibuprofen',70,'Dr. Max Evans','2024-01-12'),(83,414,'Dr Lisa Gibson',46,'Tretinoin',14,'Dr. Lily Roberts','2024-08-05'),(84,487,'Martyn Martin',33,'Lamotrigine',87,'Dr. Benjamin Scott','2024-06-12'),(85,295,'Ms Amy Greenwood',86,'Interferon',95,'Dr. William Allen','2023-06-24'),(86,41,'Shirley Murphy',39,'Allopurinol',41,'Dr. Oliver Walker','2024-04-08'),(87,191,'Mr Gavin Reed',98,'Rifampin',91,'Dr. Harry Wilson','2024-07-04'),(88,122,'Guy Evans-Shaw',9,'Sertraline',22,'Dr. Samuel White','2023-08-13'),(89,322,'Justin Bailey',5,'Metformin',22,'Dr. Samuel White','2024-06-03'),(90,490,'Valerie Young-Middleton',3,'Paracetamol',90,'Dr. Abigail Bell','2023-01-24'),(91,246,'Jack Hughes',32,'Rosuvastatin',46,'Dr. Jack Turner','2023-02-23'),(92,246,'Jack Hughes',46,'Tretinoin',46,'Dr. Jack Turner','2024-12-13'),(93,27,'Naomi French-Joyce',44,'Iron Supplements',27,'Dr. Oliver Clark','2024-08-27'),(94,298,'John Stephens',83,'Chloroquine',98,'Dr. Victoria Adams','2023-01-01'),(95,223,'Mr Marcus Thomas',93,'Olanzapine',23,'Dr. Benjamin Harris','2023-09-14'),(96,199,'Ms Marian Bennett',22,'Citalopram',99,'Dr. Ethan Clark','2023-07-23'),(97,414,'Dr Lisa Gibson',49,'Albuterol',14,'Dr. Lily Roberts','2023-06-05'),(98,130,'Tony Nicholson',46,'Tretinoin',30,'Dr. Sophia Allen','2024-08-02'),(99,262,'Rachael Barry',40,'Methotrexate',62,'Dr. Sophie Turner','2023-08-23'),(100,539,'Mrs Jodie Edwards',61,'Remdesivir',39,'Dr. Benjamin Lewis','2023-05-30'),(101,253,'Mr Christopher Williamson',96,'Omeprazole',53,'Dr. Abigail James','2024-08-28'),(102,531,'Mark Shaw',73,'Tenofovir',31,'Dr. Noah Carter','2024-11-22'),(103,330,'Kayleigh Bates',66,'Hydrocortisone',30,'Dr. Sophia Allen','2023-04-27'),(104,379,'Keith Stewart-Dyer',16,'Furosemide',79,'Dr. Zoe Adams','2023-12-07'),(105,144,'Dr Malcolm Baker',59,'Chloramphenicol',44,'Dr. Sophie Bell','2023-03-29'),(106,27,'Naomi French-Joyce',96,'Omeprazole',27,'Dr. Oliver Clark','2023-02-21'),(107,402,'Dorothy Robinson',65,'Gabapentin',2,'Dr. James Bennett','2024-03-16'),(108,522,'Jake Warren',50,'Metronidazole',22,'Dr. Samuel White','2024-05-20'),(109,335,'Dominic Cook',28,'Doxycycline',35,'Dr. Victoria Gray','2023-10-24'),(110,579,'Josephine Adams',65,'Gabapentin',79,'Dr. Zoe Adams','2024-04-30'),(111,360,'Victoria Hope',65,'Gabapentin',60,'Dr. Richard Cooper','2024-12-06'),(112,206,'Ms Pauline Fletcher',19,'Hydrochlorothiazide',6,'Dr. Ava Clarke','2024-03-13'),(113,259,'Gerald Morgan',56,'Liver Transplant',59,'Dr. Amelia Grant','2024-06-26'),(114,470,'Francis Owen',98,'Rifampin',70,'Dr. Max Evans','2024-03-02'),(115,334,'Gemma Hargreaves',34,'Sumatriptan',34,'Dr. Clara Mitchell','2024-07-04'),(116,358,'Steven Glover-Read',14,'Ciprofloxacin',58,'Dr. Marcus Clark','2024-02-10'),(117,372,'Mr Maurice Kelly',51,'Cryotherapy',72,'Dr. Isabelle Moore','2024-01-05'),(118,285,'Brenda Singh',12,'Alprazolam',85,'Dr. Emma Young','2024-01-28'),(119,549,'Adam Bradley',35,'Tiotropium',49,'Dr. Leah Robinson','2023-12-02'),(120,323,'Mrs Abbie Walsh',60,'Compression Stockings',23,'Dr. Benjamin Harris','2023-06-15'),(121,530,'Dr Gemma Peters',70,'Colchicine',30,'Dr. Sophia Allen','2024-08-31'),(122,27,'Naomi French-Joyce',30,'Clopidogrel',27,'Dr. Oliver Clark','2023-03-22'),(123,62,'Barbara Pickering-Barrett',32,'Rosuvastatin',62,'Dr. Sophie Turner','2023-09-03'),(124,487,'Martyn Martin',46,'Tretinoin',87,'Dr. Benjamin Scott','2023-01-06'),(125,20,'Rachael Atkinson-Clark',59,'Chloramphenicol',20,'Dr. Sarah Morgan','2024-10-19'),(126,285,'Brenda Singh',15,'Losartan',85,'Dr. Emma Young','2023-12-15'),(127,252,'Colin Edwards',16,'Furosemide',52,'Dr. Nathaniel Davis','2023-10-03'),(128,4,'Holly Austin',86,'Interferon',4,'Dr. Daniel Lewis','2024-09-23'),(129,454,'Josephine Riley',12,'Alprazolam',54,'Dr. Hugo White','2023-05-20'),(130,121,'Michelle Coleman',79,'Loperamide',21,'Dr. Alice Bell','2023-05-25'),(131,67,'Mr Jacob Stevens',89,'Amoxicillin',67,'Dr. Emily Collins','2024-05-05'),(132,298,'John Stephens',79,'Loperamide',98,'Dr. Victoria Adams','2024-01-01'),(133,68,'Sara Kennedy-Lambert',92,'Permethrin',68,'Dr. Sophia Parker','2024-10-15'),(134,527,'Lindsey Chambers',61,'Remdesivir',27,'Dr. Oliver Clark','2024-09-16'),(135,421,'Aaron Thomas',22,'Citalopram',21,'Dr. Alice Bell','2024-11-09'),(136,150,'Andrew Phillips',67,'Valproate',50,'Dr. Samuel Williams','2023-05-22'),(137,83,'Francesca Howells-Newman',16,'Furosemide',83,'Dr. Isabelle Clark','2023-11-24'),(138,564,'Claire Miller',30,'Clopidogrel',64,'Dr. Daniel Lee','2024-06-14'),(139,111,'Ms Megan Rowley',95,'CPAP Therapy',11,'Dr. Lucas Green','2024-08-25'),(140,405,'Rachel Smith',24,'Carbamazepine',5,'Dr. Jack Wilson','2023-05-29'),(141,3,'Miss Joanne Pearce',95,'CPAP Therapy',3,'Dr. Sophia Walker','2023-07-14'),(142,189,'Emma Newman',63,'Paracetamol',89,'Dr. Joshua Mitchell','2024-06-27'),(143,202,'Julie Andrews',64,'Fluoxetine',2,'Dr. James Bennett','2024-09-05'),(144,161,'Callum Matthews',45,'Hydoxyurea',61,'Dr. Matthew Bell','2023-08-26'),(145,231,'Teresa Jones',1,'Aspirin',31,'Dr. Noah Carter','2023-04-13'),(146,150,'Andrew Phillips',81,'Chemotherapy',50,'Dr. Samuel Williams','2023-11-25'),(147,572,'Lewis Thornton',81,'Chemotherapy',72,'Dr. Isabelle Moore','2024-05-09'),(148,453,'Patrick Davies',14,'Ciprofloxacin',53,'Dr. Abigail James','2023-09-02'),(149,239,'Dr Alice Roberts',18,'Lorazepam',39,'Dr. Benjamin Lewis','2023-07-03'),(150,72,'Sheila Marshall',33,'Lamotrigine',72,'Dr. Isabelle Moore','2024-07-30'),(151,20,'Rachael Atkinson-Clark',90,'Calcipotriene',20,'Dr. Sarah Morgan','2024-05-30'),(152,286,'Mr Roger Begum',55,'Lisinopril',86,'Dr. Lucas Bell','2024-07-02'),(153,432,'Dr Darren Summers',30,'Clopidogrel',32,'Dr. Ava Morgan','2024-05-26'),(154,408,'Harry Thomas',98,'Rifampin',8,'Dr. William Scott','2024-02-15'),(155,580,'Gary Townsend',96,'Omeprazole',80,'Dr. Emma White','2023-11-09'),(156,463,'Carolyn Wilson-Wilson',14,'Ciprofloxacin',63,'Dr. Joshua White','2024-04-06'),(157,589,'Charlene Campbell',64,'Fluoxetine',89,'Dr. Joshua Mitchell','2024-01-22'),(158,335,'Dominic Cook',7,'Atorvastatin',35,'Dr. Victoria Gray','2024-06-08'),(159,205,'Paula Gray-Taylor',77,'Methimazole',5,'Dr. Jack Wilson','2024-02-17'),(160,57,'Matthew Davies-Fuller',60,'Compression Stockings',57,'Dr. Lucy Wright','2024-10-24'),(161,464,'Benjamin Evans',98,'Rifampin',64,'Dr. Daniel Lee','2023-12-30'),(162,96,'Mr Christopher Arnold',10,'Omeprazole',96,'Dr. Samuel Walker','2023-12-30'),(163,225,'Oliver Parry-Owen',63,'Paracetamol',25,'Dr. Ethan Cooper','2023-01-30'),(164,510,'Craig Cooke',47,'Iron Supplements',10,'Dr. Emma Thompson','2024-01-30'),(165,89,'Alice Hunt',70,'Colchicine',89,'Dr. Joshua Mitchell','2024-04-05'),(166,211,'Amber Kirby-Barnes',5,'Metformin',11,'Dr. Lucas Green','2024-07-30'),(167,203,'Katherine Shaw',83,'Chloroquine',3,'Dr. Sophia Walker','2023-10-08'),(168,153,'Dr Suzanne Jones',26,'Clonazepam',53,'Dr. Abigail James','2023-12-30'),(169,323,'Mrs Abbie Walsh',48,'Appendectomy',23,'Dr. Benjamin Harris','2023-02-10'),(170,293,'Miss Beth Gough',84,'Estrogen',93,'Dr. George Robinson','2023-07-30'),(171,352,'Dr Gordon Rowe',40,'Methotrexate',52,'Dr. Nathaniel Davis','2024-07-26'),(172,398,'Gemma Harris',7,'Atorvastatin',98,'Dr. Victoria Adams','2024-09-27'),(173,373,'Ms Shirley Dawson',85,'Sumatriptan',73,'Dr. Max Wilson','2023-11-29'),(174,449,'Harriet Taylor',20,'Trazodone',49,'Dr. Leah Robinson','2024-09-09'),(175,22,'Charles Evans',35,'Tiotropium',22,'Dr. Samuel White','2023-12-31'),(176,420,'Jean Wilkinson-Perkins',45,'Hydoxyurea',20,'Dr. Sarah Morgan','2024-09-11'),(177,553,'Clifford Allen',97,'Tissue Plasminogen Activator',53,'Dr. Abigail James','2024-12-25'),(178,216,'Aimee Humphreys',5,'Metformin',16,'Dr. Hannah Parker','2023-02-28'),(179,539,'Mrs Jodie Edwards',4,'Amoxicillin',39,'Dr. Benjamin Lewis','2023-11-25'),(180,541,'Dominic Nolan',91,'Methotrexate',41,'Dr. Oliver Walker','2024-11-02'),(181,426,'Sean Green',47,'Iron Supplements',26,'Dr. Natalie Mitchell','2023-09-24'),(182,535,'Frederick Smith',48,'Appendectomy',35,'Dr. Victoria Gray','2024-11-29'),(183,494,'Abdul Taylor',89,'Amoxicillin',94,'Dr. Hannah King','2024-10-09'),(184,89,'Alice Hunt',56,'Liver Transplant',89,'Dr. Joshua Mitchell','2023-01-26'),(185,114,'Wayne Harrison',36,'Alendronate',14,'Dr. Lily Roberts','2023-08-05'),(186,262,'Rachael Barry',23,'Fluoxetine',62,'Dr. Sophie Turner','2024-12-28'),(187,461,'Mr Benjamin Reynolds',88,'Alendronate',61,'Dr. Matthew Bell','2023-04-29'),(188,70,'Miss Jennifer Woods',35,'Tiotropium',70,'Dr. Max Evans','2023-06-07'),(189,454,'Josephine Riley',13,'Simvastatin',54,'Dr. Hugo White','2024-06-25'),(190,555,'Kelly Gibbons',95,'CPAP Therapy',55,'Dr. Olivia Phillips','2024-01-29'),(191,131,'Dawn Cook',48,'Appendectomy',31,'Dr. Noah Carter','2024-08-11'),(192,354,'Dawn Pollard',91,'Methotrexate',54,'Dr. Hugo White','2023-05-26'),(193,296,'Ms Christine Cooper',82,'Hydroxychloroquine',96,'Dr. Samuel Walker','2023-12-23'),(194,422,'Marc Parker',96,'Omeprazole',22,'Dr. Samuel White','2024-09-18'),(195,501,'Jade Mason',35,'Tiotropium',1,'Dr. Olivia Harris','2024-12-21'),(196,212,'Bradley Fox-Rose',91,'Methotrexate',12,'Dr. Isla Carter','2023-03-09'),(197,19,'Dr Stuart Kelly',73,'Tenofovir',19,'Dr. Joshua Scott','2023-02-26'),(198,285,'Brenda Singh',9,'Sertraline',85,'Dr. Emma Young','2023-10-11'),(199,257,'Anthony Bell',35,'Tiotropium',57,'Dr. Lucy Wright','2024-07-24'),(200,132,'Mr Roy Cross',19,'Hydrochlorothiazide',32,'Dr. Ava Morgan','2023-06-19'),(201,372,'Mr Maurice Kelly',35,'Tiotropium',72,'Dr. Isabelle Moore','2023-04-18'),(202,13,'Dr Natasha Smith',7,'Atorvastatin',13,'Dr. Michael Adams','2024-06-27'),(203,453,'Patrick Davies',11,'Amlodipine',53,'Dr. Abigail James','2023-10-27'),(204,281,'Damien Gardner',58,'Azithromycin',81,'Dr. Daniel Cooper','2024-12-24'),(205,473,'Diana May',50,'Metronidazole',73,'Dr. Max Wilson','2023-05-02'),(206,256,'Gareth Carter',79,'Loperamide',56,'Dr. William Adams','2023-12-10'),(207,492,'Miss Jayne Conway',72,'Aspirin',92,'Dr. Natalie Evans','2024-05-31'),(208,186,'Katy Bruce',17,'Gabapentin',86,'Dr. Lucas Bell','2024-07-07'),(209,424,'Miss Georgia Wilson',46,'Tretinoin',24,'Dr. Amelia Martinez','2023-02-05'),(210,218,'Donald Hicks',38,'Levodopa',18,'Dr. Charlotte King','2024-02-02'),(211,53,'Abbie Wood',62,'Dornase alfa',53,'Dr. Abigail James','2024-08-10'),(212,598,'Dr Sara Sharp',83,'Chloroquine',98,'Dr. Victoria Adams','2023-11-16'),(213,439,'Wendy Riley-Brown',64,'Fluoxetine',39,'Dr. Benjamin Lewis','2024-03-08'),(214,120,'Donald Allen',41,'Gluten Free Diet',20,'Dr. Sarah Morgan','2024-10-10'),(215,12,'Miss Ann Jackson',68,'Clotrimazole',12,'Dr. Isla Carter','2023-02-11'),(216,79,'Jill Jones',37,'Diazepam',79,'Dr. Zoe Adams','2025-01-11'),(217,360,'Victoria Hope',7,'Atorvastatin',60,'Dr. Richard Cooper','2024-06-24'),(218,368,'Gordon Ahmed',65,'Gabapentin',68,'Dr. Sophia Parker','2024-01-21'),(219,453,'Patrick Davies',55,'Lisinopril',53,'Dr. Abigail James','2024-01-02'),(220,459,'Mr Barry Green',97,'Tissue Plasminogen Activator',59,'Dr. Amelia Grant','2023-05-22'),(221,424,'Miss Georgia Wilson',56,'Liver Transplant',24,'Dr. Amelia Martinez','2023-01-06'),(222,577,'Dr Toby Brown',31,'Loratadine',77,'Dr. Lily Harris','2023-12-23'),(223,450,'Mr Duncan Walsh',15,'Losartan',50,'Dr. Samuel Williams','2023-01-16'),(224,315,'Mohammed Skinner',16,'Furosemide',15,'Dr. Matthew Young','2023-08-18'),(225,93,'Mr Glenn Thomas',21,'Fentanyl',93,'Dr. George Robinson','2023-10-19'),(226,477,'Mr Timothy Anderson',56,'Liver Transplant',77,'Dr. Lily Harris','2023-05-16'),(227,336,'Dr Rhys Johnson',16,'Furosemide',36,'Dr. Patrick Smith','2024-04-26'),(228,537,'Darren Faulkner',80,'Fluconazole',37,'Dr. Daniel Harris','2024-10-30'),(229,128,'Barry Roberts',3,'Paracetamol',28,'Dr. Mia Robinson','2024-09-23'),(230,388,'Guy Robinson',83,'Chloroquine',88,'Dr. Charlotte Green','2023-11-21'),(231,102,'Frederick Baker-Wilkinson',30,'Clopidogrel',2,'Dr. James Bennett','2023-12-08'),(232,59,'Shane Barker-Graham',85,'Sumatriptan',59,'Dr. Amelia Grant','2024-04-22'),(233,587,'Christopher Goodwin',5,'Metformin',87,'Dr. Benjamin Scott','2024-06-11'),(234,142,'Dr Jeremy Mason',86,'Interferon',42,'Dr. Lily Collins','2024-11-11'),(235,169,'Kevin Doherty',98,'Rifampin',69,'Dr. Nathan Roberts','2023-06-28'),(236,581,'Denis White',93,'Olanzapine',81,'Dr. Daniel Cooper','2024-11-24'),(237,261,'Alan Robinson',68,'Clotrimazole',61,'Dr. Matthew Bell','2024-05-02'),(238,384,'Denise Sharp',35,'Tiotropium',84,'Dr. George Carter','2023-03-25'),(239,491,'Mr Christopher Booth',5,'Metformin',91,'Dr. Harry Wilson','2024-01-23'),(240,539,'Mrs Jodie Edwards',81,'Chemotherapy',39,'Dr. Benjamin Lewis','2023-05-08'),(241,226,'Denise Armstrong',83,'Chloroquine',26,'Dr. Natalie Mitchell','2025-01-04'),(242,85,'Adam Baldwin',56,'Liver Transplant',85,'Dr. Emma Young','2024-02-04'),(243,98,'Fiona Dunn-Naylor',96,'Omeprazole',98,'Dr. Victoria Adams','2023-08-05'),(244,150,'Andrew Phillips',22,'Citalopram',50,'Dr. Samuel Williams','2023-06-13'),(245,275,'Conor Bailey',76,'Lisinopril',75,'Dr. Sophia Grant','2024-02-22'),(246,174,'Jennifer Lambert-Taylor',100,'Trimethoprim',74,'Dr. Rachel Lee','2024-08-03'),(247,587,'Christopher Goodwin',19,'Hydrochlorothiazide',87,'Dr. Benjamin Scott','2023-08-12'),(248,185,'Mr Neil Wood',88,'Alendronate',85,'Dr. Emma Young','2023-11-19'),(249,362,'Hollie Smith',79,'Loperamide',62,'Dr. Sophie Turner','2023-08-18'),(250,164,'Ms Charlotte Hill',13,'Simvastatin',64,'Dr. Daniel Lee','2024-01-14'),(251,568,'Vincent Savage',60,'Compression Stockings',68,'Dr. Sophia Parker','2024-06-28'),(252,220,'Callum Harrison',70,'Colchicine',20,'Dr. Sarah Morgan','2024-11-29'),(253,430,'Kathryn Greenwood',35,'Tiotropium',30,'Dr. Sophia Allen','2024-10-23'),(254,399,'Ms Amy Norman',99,'Amoxicillin',99,'Dr. Ethan Clark','2023-03-01'),(255,466,'Jill Patel',24,'Carbamazepine',66,'Dr. James Hughes','2023-01-24'),(256,219,'Dr Malcolm Thompson',87,'Acetaminophen',19,'Dr. Joshua Scott','2023-06-17'),(257,180,'Rosie James',52,'Nitrofurantoin',80,'Dr. Emma White','2024-11-27'),(258,18,'Amanda Sharp-Gardner',2,'Ibuprofen',18,'Dr. Charlotte King','2024-10-11'),(259,324,'Mr Damian Thomas',99,'Amoxicillin',24,'Dr. Amelia Martinez','2023-03-09'),(260,458,'Leanne Young',74,'Sofosbuvir',58,'Dr. Marcus Clark','2024-05-15'),(261,449,'Harriet Taylor',43,'Antiretroviral Therapy',49,'Dr. Leah Robinson','2023-12-24'),(262,42,'Thomas Dale',73,'Tenofovir',42,'Dr. Lily Collins','2023-01-17'),(263,559,'Tracy Adams',72,'Aspirin',59,'Dr. Amelia Grant','2023-10-20'),(264,229,'Frank Gill',57,'Chemotherapy',29,'Dr. Lucas Moore','2024-03-01'),(265,336,'Dr Rhys Johnson',8,'Prednisone',36,'Dr. Patrick Smith','2023-04-10'),(266,355,'Jordan Johnston',13,'Simvastatin',55,'Dr. Olivia Phillips','2025-01-11'),(267,57,'Matthew Davies-Fuller',54,'Antidepressants',57,'Dr. Lucy Wright','2024-07-11'),(268,260,'Jane Goddard',75,'Ibuprofen',60,'Dr. Richard Cooper','2024-12-13'),(269,338,'June Pollard',89,'Amoxicillin',38,'Dr. Ella Roberts','2024-09-15'),(270,571,'Reece Armstrong',26,'Clonazepam',71,'Dr. Thomas Harris','2023-08-27'),(271,528,'Timothy Pratt',100,'Trimethoprim',28,'Dr. Mia Robinson','2024-08-16'),(272,345,'Claire Clarke',81,'Chemotherapy',45,'Dr. George Green','2023-07-17'),(273,14,'Dr Scott Williamson',83,'Chloroquine',14,'Dr. Lily Roberts','2023-11-22'),(274,35,'Callum Bibi',100,'Trimethoprim',35,'Dr. Victoria Gray','2023-10-15'),(275,50,'Ms Melanie Jones',48,'Appendectomy',50,'Dr. Samuel Williams','2024-03-25'),(276,25,'Mrs Jennifer Fraser',28,'Doxycycline',25,'Dr. Ethan Cooper','2024-04-28'),(277,554,'Rachel Shaw',9,'Sertraline',54,'Dr. Hugo White','2024-01-03'),(278,323,'Mrs Abbie Walsh',30,'Clopidogrel',23,'Dr. Benjamin Harris','2023-09-19'),(279,564,'Claire Miller',70,'Colchicine',64,'Dr. Daniel Lee','2023-02-05'),(280,6,'Maria Bolton',98,'Rifampin',6,'Dr. Ava Clarke','2023-05-15'),(281,350,'Frances Tomlinson',43,'Antiretroviral Therapy',50,'Dr. Samuel Williams','2023-06-16'),(282,515,'Jemma Powell',40,'Methotrexate',15,'Dr. Matthew Young','2023-03-12'),(283,292,'Karl Wright',74,'Sofosbuvir',92,'Dr. Natalie Evans','2023-06-22'),(284,344,'Mrs Diana Johnson',37,'Diazepam',44,'Dr. Sophie Bell','2023-09-26'),(285,131,'Dawn Cook',27,'Bupropion',31,'Dr. Noah Carter','2024-04-05'),(286,356,'Cheryl Lewis',24,'Carbamazepine',56,'Dr. William Adams','2024-09-14'),(287,36,'Miss Lynda King',17,'Gabapentin',36,'Dr. Patrick Smith','2024-04-06'),(288,214,'Andrew Knight',70,'Colchicine',14,'Dr. Lily Roberts','2024-04-07'),(289,65,'Kirsty Farrell-Freeman',87,'Acetaminophen',65,'Dr. Grace Morris','2023-03-20'),(290,456,'Albert Walker',58,'Azithromycin',56,'Dr. William Adams','2023-01-26'),(291,234,'Glenn Briggs',84,'Estrogen',34,'Dr. Clara Mitchell','2024-04-14'),(292,212,'Bradley Fox-Rose',16,'Furosemide',12,'Dr. Isla Carter','2023-12-02'),(293,135,'Brian Newton',36,'Alendronate',35,'Dr. Victoria Gray','2023-09-30'),(294,406,'Marian Warner',71,'Cetirizine',6,'Dr. Ava Clarke','2023-03-01'),(295,451,'Henry Johnson',10,'Omeprazole',51,'Dr. Isla Phillips','2023-03-31'),(296,369,'Rhys Kaur',96,'Omeprazole',69,'Dr. Nathan Roberts','2024-04-05'),(297,371,'Dr Joe Green',41,'Gluten Free Diet',71,'Dr. Thomas Harris','2025-01-01'),(298,309,'Timothy Pearson',76,'Lisinopril',9,'Dr. Jacob Moore','2024-07-29'),(299,264,'Angela Robinson',70,'Colchicine',64,'Dr. Daniel Lee','2024-09-19'),(300,153,'Dr Suzanne Jones',53,'Albuterol',53,'Dr. Abigail James','2023-05-17'),(301,412,'Iain Martin-Houghton',5,'Metformin',12,'Dr. Isla Carter','2024-06-26'),(302,228,'Jayne Lane',74,'Sofosbuvir',28,'Dr. Mia Robinson','2024-06-04'),(303,52,'Michelle Webster',67,'Valproate',52,'Dr. Nathaniel Davis','2023-11-22'),(304,592,'Dr Sharon Webb',51,'Cryotherapy',92,'Dr. Natalie Evans','2023-03-27'),(305,38,'Kimberley Wright',99,'Amoxicillin',38,'Dr. Ella Roberts','2024-01-09'),(306,481,'Mr Samuel Carter',31,'Loratadine',81,'Dr. Daniel Cooper','2024-04-18'),(307,525,'Shane Cross',82,'Hydroxychloroquine',25,'Dr. Ethan Cooper','2023-10-02'),(308,485,'Guy Evans-Connor',13,'Simvastatin',85,'Dr. Emma Young','2024-07-28'),(309,369,'Rhys Kaur',96,'Omeprazole',69,'Dr. Nathan Roberts','2023-07-22'),(310,354,'Dawn Pollard',11,'Amlodipine',54,'Dr. Hugo White','2024-06-28'),(311,184,'Dr Roger Kelly',54,'Antidepressants',84,'Dr. George Carter','2023-02-05'),(312,352,'Dr Gordon Rowe',97,'Tissue Plasminogen Activator',52,'Dr. Nathaniel Davis','2024-04-27'),(313,377,'James Rogers',85,'Sumatriptan',77,'Dr. Lily Harris','2023-01-19'),(314,45,'Leonard Buckley-Lyons',26,'Clonazepam',45,'Dr. George Green','2024-03-04'),(315,105,'Joanne Phillips',97,'Tissue Plasminogen Activator',5,'Dr. Jack Wilson','2024-01-06'),(316,536,'Alison Dunn-Rogers',78,'Oseltamivir',36,'Dr. Patrick Smith','2023-06-18'),(317,507,'Mr Stephen Begum',61,'Remdesivir',7,'Dr. Emily Turner','2023-07-10'),(318,149,'Jay Taylor',13,'Simvastatin',49,'Dr. Leah Robinson','2025-01-04'),(319,171,'Megan Barton',25,'Hydrocodone',71,'Dr. Thomas Harris','2024-03-07'),(320,429,'Harriet Powell-Perkins',6,'Lisinopril',29,'Dr. Lucas Moore','2024-07-04'),(321,434,'Louise Anderson-Hill',69,'Omeprazole',34,'Dr. Clara Mitchell','2023-09-27'),(322,46,'Claire Walker',65,'Gabapentin',46,'Dr. Jack Turner','2023-05-19'),(323,500,'Natalie Smith',65,'Gabapentin',100,'Dr. Olivia Roberts','2023-02-08'),(324,453,'Patrick Davies',57,'Chemotherapy',53,'Dr. Abigail James','2024-12-11'),(325,306,'Diana Ward',55,'Lisinopril',6,'Dr. Ava Clarke','2024-10-14'),(326,300,'Amanda Dennis',13,'Simvastatin',100,'Dr. Olivia Roberts','2023-06-03'),(327,453,'Patrick Davies',18,'Lorazepam',53,'Dr. Abigail James','2024-07-31'),(328,244,'Ms Sarah Harrison',86,'Interferon',44,'Dr. Sophie Bell','2023-10-17'),(329,125,'June Foster',46,'Tretinoin',25,'Dr. Ethan Cooper','2024-10-13'),(330,583,'Mr Adrian Jones',81,'Chemotherapy',83,'Dr. Isabelle Clark','2023-07-18'),(331,179,'Miss Maureen Turner',52,'Nitrofurantoin',79,'Dr. Zoe Adams','2023-04-30'),(332,414,'Dr Lisa Gibson',100,'Trimethoprim',14,'Dr. Lily Roberts','2023-12-02'),(333,34,'Elliott Wyatt',31,'Loratadine',34,'Dr. Clara Mitchell','2024-11-10'),(334,280,'Donna Jennings',94,'Acyclovir',80,'Dr. Emma White','2023-06-08'),(335,289,'Miss Carly May',18,'Lorazepam',89,'Dr. Joshua Mitchell','2025-01-10'),(336,259,'Gerald Morgan',35,'Tiotropium',59,'Dr. Amelia Grant','2023-09-05'),(337,352,'Dr Gordon Rowe',62,'Dornase alfa',52,'Dr. Nathaniel Davis','2024-10-03'),(338,406,'Marian Warner',44,'Iron Supplements',6,'Dr. Ava Clarke','2023-01-30'),(339,327,'Dr Carl Robinson',90,'Calcipotriene',27,'Dr. Oliver Clark','2024-12-07'),(340,430,'Kathryn Greenwood',6,'Lisinopril',30,'Dr. Sophia Allen','2023-03-10'),(341,521,'Kate Hooper-Middleton',10,'Omeprazole',21,'Dr. Alice Bell','2024-12-30'),(342,323,'Mrs Abbie Walsh',83,'Chloroquine',23,'Dr. Benjamin Harris','2023-02-13'),(343,534,'Mr Graeme Davies',24,'Carbamazepine',34,'Dr. Clara Mitchell','2023-10-01'),(344,562,'Dr Aaron Woods',71,'Cetirizine',62,'Dr. Sophie Turner','2024-07-03'),(345,537,'Darren Faulkner',10,'Omeprazole',37,'Dr. Daniel Harris','2023-10-04'),(346,472,'Mr Glenn Carey',45,'Hydoxyurea',72,'Dr. Isabelle Moore','2023-01-21'),(347,112,'Joe Hopkins-Cook',9,'Sertraline',12,'Dr. Isla Carter','2024-01-23'),(348,569,'Yvonne Patel',29,'Zolpidem',69,'Dr. Nathan Roberts','2024-04-20'),(349,460,'Aimee Rogers',85,'Sumatriptan',60,'Dr. Richard Cooper','2024-09-06'),(350,30,'Jason Jones',57,'Chemotherapy',30,'Dr. Sophia Allen','2024-09-13'),(351,257,'Anthony Bell',48,'Appendectomy',57,'Dr. Lucy Wright','2023-03-01'),(352,514,'Frederick Curtis',82,'Hydroxychloroquine',14,'Dr. Lily Roberts','2025-01-01'),(353,587,'Christopher Goodwin',97,'Tissue Plasminogen Activator',87,'Dr. Benjamin Scott','2024-09-27'),(354,129,'Derek Campbell',29,'Zolpidem',29,'Dr. Lucas Moore','2024-12-29'),(355,5,'Ms Jill Hargreaves',69,'Omeprazole',5,'Dr. Jack Wilson','2024-09-06'),(356,474,'Steven Howell',17,'Gabapentin',74,'Dr. Rachel Lee','2024-06-07'),(357,494,'Abdul Taylor',12,'Alprazolam',94,'Dr. Hannah King','2024-02-09'),(358,527,'Lindsey Chambers',94,'Acyclovir',27,'Dr. Oliver Clark','2024-05-26'),(359,219,'Dr Malcolm Thompson',28,'Doxycycline',19,'Dr. Joshua Scott','2023-04-08'),(360,175,'Nigel Lees',21,'Fentanyl',75,'Dr. Sophia Grant','2024-02-20'),(361,409,'Hazel Davies',47,'Iron Supplements',9,'Dr. Jacob Moore','2023-03-24'),(362,402,'Dorothy Robinson',57,'Chemotherapy',2,'Dr. James Bennett','2023-11-09'),(363,371,'Dr Joe Green',7,'Atorvastatin',71,'Dr. Thomas Harris','2023-04-23'),(364,226,'Denise Armstrong',95,'CPAP Therapy',26,'Dr. Natalie Mitchell','2023-07-08'),(365,79,'Jill Jones',72,'Aspirin',79,'Dr. Zoe Adams','2024-08-13'),(366,286,'Mr Roger Begum',74,'Sofosbuvir',86,'Dr. Lucas Bell','2023-03-23'),(367,58,'Elaine Quinn-Cook',93,'Olanzapine',58,'Dr. Marcus Clark','2023-12-16'),(368,452,'Dr Jade Davidson',71,'Cetirizine',52,'Dr. Nathaniel Davis','2024-01-24'),(369,200,'Anthony Turner',25,'Hydrocodone',100,'Dr. Olivia Roberts','2023-06-23'),(370,305,'Ms Ellie Hall',7,'Atorvastatin',5,'Dr. Jack Wilson','2024-08-28'),(371,307,'Harry Dixon',9,'Sertraline',7,'Dr. Emily Turner','2024-06-05'),(372,12,'Miss Ann Jackson',30,'Clopidogrel',12,'Dr. Isla Carter','2024-11-21'),(373,55,'Ms Angela Owen',13,'Simvastatin',55,'Dr. Olivia Phillips','2023-12-22'),(374,583,'Mr Adrian Jones',90,'Calcipotriene',83,'Dr. Isabelle Clark','2024-08-02'),(375,361,'Maria Walker',29,'Zolpidem',61,'Dr. Matthew Bell','2023-09-03'),(376,527,'Lindsey Chambers',15,'Losartan',27,'Dr. Oliver Clark','2024-06-14'),(377,579,'Josephine Adams',49,'Albuterol',79,'Dr. Zoe Adams','2024-04-25'),(378,407,'Sam Clarke-Wilson',57,'Chemotherapy',7,'Dr. Emily Turner','2023-06-25'),(379,421,'Aaron Thomas',33,'Lamotrigine',21,'Dr. Alice Bell','2024-07-08'),(380,32,'Kenneth Duncan',53,'Albuterol',32,'Dr. Ava Morgan','2023-08-29'),(381,538,'Mr Leigh Burns',78,'Oseltamivir',38,'Dr. Ella Roberts','2024-11-15'),(382,479,'Eileen Graham',57,'Chemotherapy',79,'Dr. Zoe Adams','2023-06-30'),(383,303,'Mr Robert Potts',6,'Lisinopril',3,'Dr. Sophia Walker','2024-08-06'),(384,194,'Craig Clayton-Wade',11,'Amlodipine',94,'Dr. Hannah King','2024-04-26'),(385,180,'Rosie James',2,'Ibuprofen',80,'Dr. Emma White','2023-11-12'),(386,410,'William Tucker',62,'Dornase alfa',10,'Dr. Emma Thompson','2024-06-26'),(387,566,'Amy Robinson',100,'Trimethoprim',66,'Dr. James Hughes','2023-04-23'),(388,286,'Mr Roger Begum',66,'Hydrocortisone',86,'Dr. Lucas Bell','2023-06-27'),(389,457,'Francesca Ward',30,'Clopidogrel',57,'Dr. Lucy Wright','2023-07-30'),(390,336,'Dr Rhys Johnson',61,'Remdesivir',36,'Dr. Patrick Smith','2024-02-14'),(391,63,'Mr Benjamin Smith',57,'Chemotherapy',63,'Dr. Joshua White','2023-10-04'),(392,28,'Barry Webb-Ashton',85,'Sumatriptan',28,'Dr. Mia Robinson','2023-05-11'),(393,433,'Dr Frank Jordan',51,'Cryotherapy',33,'Dr. Henry King','2023-05-16'),(394,552,'Eileen Wilson',82,'Hydroxychloroquine',52,'Dr. Nathaniel Davis','2023-01-24'),(395,413,'Amelia Rees',63,'Paracetamol',13,'Dr. Michael Adams','2023-11-17'),(396,346,'Dr Jill Young',81,'Chemotherapy',46,'Dr. Jack Turner','2023-07-23'),(397,53,'Abbie Wood',60,'Compression Stockings',53,'Dr. Abigail James','2023-08-19'),(398,160,'Carol Howell-Allen',25,'Hydrocodone',60,'Dr. Richard Cooper','2024-10-02'),(399,15,'Dr Patrick Ellis',9,'Sertraline',15,'Dr. Matthew Young','2023-04-09'),(400,197,'Michael Watkins',23,'Fluoxetine',97,'Dr. Laura Clark','2023-09-22'),(401,287,'Megan Dunn',34,'Sumatriptan',87,'Dr. Benjamin Scott','2024-04-08'),(402,454,'Josephine Riley',63,'Paracetamol',54,'Dr. Hugo White','2024-08-24'),(403,38,'Kimberley Wright',98,'Rifampin',38,'Dr. Ella Roberts','2023-05-03'),(404,222,'Vanessa Webb',64,'Fluoxetine',22,'Dr. Samuel White','2024-02-22'),(405,515,'Jemma Powell',89,'Amoxicillin',15,'Dr. Matthew Young','2024-07-03'),(406,506,'Mrs Harriet Slater',39,'Allopurinol',6,'Dr. Ava Clarke','2023-04-06'),(407,489,'Natalie Waters',89,'Amoxicillin',89,'Dr. Joshua Mitchell','2024-07-13'),(408,524,'Ashleigh Lambert',42,'Rifampicin',24,'Dr. Amelia Martinez','2024-04-22'),(409,287,'Megan Dunn',80,'Fluconazole',87,'Dr. Benjamin Scott','2023-10-09'),(410,505,'Jayne Clark-Banks',83,'Chloroquine',5,'Dr. Jack Wilson','2024-08-17'),(411,190,'Alison Parkes',75,'Ibuprofen',90,'Dr. Abigail Bell','2023-08-22'),(412,507,'Mr Stephen Begum',37,'Diazepam',7,'Dr. Emily Turner','2024-02-23'),(413,353,'Jay Sutton',79,'Loperamide',53,'Dr. Abigail James','2024-05-14'),(414,181,'Kim Singh-Wilson',18,'Lorazepam',81,'Dr. Daniel Cooper','2024-09-13'),(415,202,'Julie Andrews',51,'Cryotherapy',2,'Dr. James Bennett','2024-04-24'),(416,356,'Cheryl Lewis',38,'Levodopa',56,'Dr. William Adams','2023-06-15'),(417,175,'Nigel Lees',42,'Rifampicin',75,'Dr. Sophia Grant','2024-09-23'),(418,433,'Dr Frank Jordan',32,'Rosuvastatin',33,'Dr. Henry King','2023-05-16'),(419,126,'Mr Arthur Brown',26,'Clonazepam',26,'Dr. Natalie Mitchell','2023-11-24'),(420,163,'Sara Davies-Ryan',69,'Omeprazole',63,'Dr. Joshua White','2024-04-19'),(421,337,'Jacqueline Patel',13,'Simvastatin',37,'Dr. Daniel Harris','2024-12-09'),(422,363,'Anthony Warren',88,'Alendronate',63,'Dr. Joshua White','2024-05-01'),(423,566,'Amy Robinson',10,'Omeprazole',66,'Dr. James Hughes','2024-03-02'),(424,1,'Howard Sims',17,'Gabapentin',1,'Dr. Olivia Harris','2023-09-20'),(425,29,'Dr Jake Richardson',11,'Amlodipine',29,'Dr. Lucas Moore','2023-05-25'),(426,524,'Ashleigh Lambert',26,'Clonazepam',24,'Dr. Amelia Martinez','2024-01-31'),(427,516,'Miss Helen Shepherd',73,'Tenofovir',16,'Dr. Hannah Parker','2023-07-28'),(428,8,'Chelsea Jones',90,'Calcipotriene',8,'Dr. William Scott','2023-07-13'),(429,63,'Mr Benjamin Smith',47,'Iron Supplements',63,'Dr. Joshua White','2023-02-24'),(430,103,'Edward Hopkins',2,'Ibuprofen',3,'Dr. Sophia Walker','2024-08-16'),(431,496,'Gemma Morgan',85,'Sumatriptan',96,'Dr. Samuel Walker','2024-01-11'),(432,151,'Jeremy Robinson',62,'Dornase alfa',51,'Dr. Isla Phillips','2024-03-11'),(433,568,'Vincent Savage',14,'Ciprofloxacin',68,'Dr. Sophia Parker','2024-06-08'),(434,446,'Joan Lloyd',5,'Metformin',46,'Dr. Jack Turner','2023-08-20'),(435,142,'Dr Jeremy Mason',63,'Paracetamol',42,'Dr. Lily Collins','2024-07-15'),(436,347,'Lynne Young',65,'Gabapentin',47,'Dr. Olivia Evans','2024-11-24'),(437,195,'Amber Griffiths',76,'Lisinopril',95,'Dr. William Allen','2024-07-14'),(438,269,'Thomas Williams',29,'Zolpidem',69,'Dr. Nathan Roberts','2023-01-09'),(439,400,'Mr Maurice Saunders',100,'Trimethoprim',100,'Dr. Olivia Roberts','2023-03-03'),(440,173,'Nicholas Walsh',12,'Alprazolam',73,'Dr. Max Wilson','2024-12-06'),(441,290,'Gerald Brennan',79,'Loperamide',90,'Dr. Abigail Bell','2023-11-09'),(442,134,'Suzanne Pollard',51,'Cryotherapy',34,'Dr. Clara Mitchell','2023-04-22'),(443,540,'Ms Bethany O\'Neill',5,'Metformin',40,'Dr. Elizabeth Scott','2024-12-21'),(444,43,'Kim Moss-Arnold',60,'Compression Stockings',43,'Dr. Ethan Mitchell','2023-11-09'),(445,55,'Ms Angela Owen',74,'Sofosbuvir',55,'Dr. Olivia Phillips','2025-01-08'),(446,14,'Dr Scott Williamson',22,'Citalopram',14,'Dr. Lily Roberts','2024-08-08'),(447,441,'Catherine Anderson',32,'Rosuvastatin',41,'Dr. Oliver Walker','2024-03-29'),(448,372,'Mr Maurice Kelly',88,'Alendronate',72,'Dr. Isabelle Moore','2024-09-27'),(449,104,'Ms Kimberley Smith',34,'Sumatriptan',4,'Dr. Daniel Lewis','2024-03-21'),(450,225,'Oliver Parry-Owen',50,'Metronidazole',25,'Dr. Ethan Cooper','2024-06-10'),(451,130,'Tony Nicholson',56,'Liver Transplant',30,'Dr. Sophia Allen','2024-01-21'),(452,423,'Thomas Clark-Smith',2,'Ibuprofen',23,'Dr. Benjamin Harris','2023-01-31'),(453,508,'Lawrence Green-Davies',64,'Fluoxetine',8,'Dr. William Scott','2024-03-04'),(454,200,'Anthony Turner',5,'Metformin',100,'Dr. Olivia Roberts','2024-04-14'),(455,365,'Mr Thomas Parker',58,'Azithromycin',65,'Dr. Grace Morris','2024-09-25'),(456,65,'Kirsty Farrell-Freeman',45,'Hydoxyurea',65,'Dr. Grace Morris','2024-06-16'),(457,108,'Ms Amelia Rose',15,'Losartan',8,'Dr. William Scott','2024-07-08'),(458,254,'Dr Charlotte Marshall',80,'Fluconazole',54,'Dr. Hugo White','2023-02-21'),(459,12,'Miss Ann Jackson',99,'Amoxicillin',12,'Dr. Isla Carter','2023-07-24'),(460,558,'Rosie Jones',22,'Citalopram',58,'Dr. Marcus Clark','2024-03-03'),(461,564,'Claire Miller',29,'Zolpidem',64,'Dr. Daniel Lee','2023-08-17'),(462,522,'Jake Warren',10,'Omeprazole',22,'Dr. Samuel White','2023-05-12'),(463,233,'Chelsea Hammond',5,'Metformin',33,'Dr. Henry King','2023-06-07'),(464,292,'Karl Wright',36,'Alendronate',92,'Dr. Natalie Evans','2024-04-06'),(465,590,'Mrs Kelly Pugh',6,'Lisinopril',90,'Dr. Abigail Bell','2023-02-07'),(466,139,'Kerry Taylor',94,'Acyclovir',39,'Dr. Benjamin Lewis','2023-08-24'),(467,383,'Maria Jones',100,'Trimethoprim',83,'Dr. Isabelle Clark','2023-06-06'),(468,5,'Ms Jill Hargreaves',57,'Chemotherapy',5,'Dr. Jack Wilson','2024-07-27'),(469,569,'Yvonne Patel',11,'Amlodipine',69,'Dr. Nathan Roberts','2024-08-03'),(470,495,'Lydia Woods',19,'Hydrochlorothiazide',95,'Dr. William Allen','2023-06-26'),(471,524,'Ashleigh Lambert',6,'Lisinopril',24,'Dr. Amelia Martinez','2023-08-24'),(472,14,'Dr Scott Williamson',68,'Clotrimazole',14,'Dr. Lily Roberts','2023-12-05'),(473,25,'Mrs Jennifer Fraser',19,'Hydrochlorothiazide',25,'Dr. Ethan Cooper','2023-09-02'),(474,373,'Ms Shirley Dawson',16,'Furosemide',73,'Dr. Max Wilson','2023-03-16'),(475,365,'Mr Thomas Parker',18,'Lorazepam',65,'Dr. Grace Morris','2024-03-03'),(476,175,'Nigel Lees',9,'Sertraline',75,'Dr. Sophia Grant','2024-07-28'),(477,545,'Mr Craig Johnson',44,'Iron Supplements',45,'Dr. George Green','2023-06-10'),(478,210,'Pauline Lyons',45,'Hydoxyurea',10,'Dr. Emma Thompson','2023-03-09'),(479,296,'Ms Christine Cooper',21,'Fentanyl',96,'Dr. Samuel Walker','2024-10-29'),(480,492,'Miss Jayne Conway',70,'Colchicine',92,'Dr. Natalie Evans','2025-01-02'),(481,377,'James Rogers',99,'Amoxicillin',77,'Dr. Lily Harris','2023-07-09'),(482,447,'Alison Coates',57,'Chemotherapy',47,'Dr. Olivia Evans','2023-11-04'),(483,454,'Josephine Riley',69,'Omeprazole',54,'Dr. Hugo White','2024-11-06'),(484,64,'Fiona Simmons',57,'Chemotherapy',64,'Dr. Daniel Lee','2024-09-26'),(485,81,'Leon Parkes',9,'Sertraline',81,'Dr. Daniel Cooper','2024-08-12'),(486,176,'Kyle Moss',78,'Oseltamivir',76,'Dr. John Murphy','2024-07-12'),(487,198,'Dr Jodie Owens',7,'Atorvastatin',98,'Dr. Victoria Adams','2023-05-09'),(488,182,'Mr Sean Bell',27,'Bupropion',82,'Dr. Jack Thompson','2023-02-10'),(489,34,'Elliott Wyatt',46,'Tretinoin',34,'Dr. Clara Mitchell','2024-05-15'),(490,211,'Amber Kirby-Barnes',81,'Chemotherapy',11,'Dr. Lucas Green','2024-02-12'),(491,503,'June Allen',61,'Remdesivir',3,'Dr. Sophia Walker','2023-02-02'),(492,410,'William Tucker',4,'Amoxicillin',10,'Dr. Emma Thompson','2023-12-23'),(493,134,'Suzanne Pollard',52,'Nitrofurantoin',34,'Dr. Clara Mitchell','2023-09-07'),(494,177,'Anne Goddard-Matthews',99,'Amoxicillin',77,'Dr. Lily Harris','2024-05-03'),(495,137,'Sara Parsons',17,'Gabapentin',37,'Dr. Daniel Harris','2023-05-05'),(496,89,'Alice Hunt',27,'Bupropion',89,'Dr. Joshua Mitchell','2024-01-03'),(497,44,'Olivia Campbell',84,'Estrogen',44,'Dr. Sophie Bell','2024-01-03'),(498,75,'Mrs Joan Duffy',56,'Liver Transplant',75,'Dr. Sophia Grant','2023-11-29'),(499,341,'Emma Thomas-Jones',49,'Albuterol',41,'Dr. Oliver Walker','2024-11-23'),(500,71,'Dr Darren Pearce',37,'Diazepam',71,'Dr. Thomas Harris','2024-02-22');
/*!40000 ALTER TABLE `prescriptions` ENABLE KEYS */;
UNLOCK TABLES;
/*!40103 SET TIME_ZONE=@OLD_TIME_ZONE */;

/*!40101 SET SQL_MODE=@OLD_SQL_MODE */;
/*!40014 SET FOREIGN_KEY_CHECKS=@OLD_FOREIGN_KEY_CHECKS */;
/*!40014 SET UNIQUE_CHECKS=@OLD_UNIQUE_CHECKS */;
/*!40101 SET CHARACTER_SET_CLIENT=@OLD_CHARACTER_SET_CLIENT */;
/*!40101 SET CHARACTER_SET_RESULTS=@OLD_CHARACTER_SET_RESULTS */;
/*!40101 SET COLLATION_CONNECTION=@OLD_COLLATION_CONNECTION */;
/*!40111 SET SQL_NOTES=@OLD_SQL_NOTES */;

-- Dump completed on 2025-01-14 23:28:59
